year,reservoir_id,level_m,pct_of_band,capacity_mcm,used_storage_mcm,peak_britannia_m
1990,bark_lake,308.15,38.67,374,144.6,59.252
1990,baskatong,210.65,19.63,3049,598.4,59.252
1990,cabonga,359.24,65.25,1565,1021.2,59.252
1990,des_joachims,149.68,9.33,229,21.4,59.252
1990,dozois,338.49,18.47,1863,344.1,59.252
1990,kiamika,265.91,55.44,379,210.1,59.252
1990,kipawa,267.59,6.09,673,41.0,59.252
1990,lady_evelyn,286.12,33.66,308,103.7,59.252
1990,mitchinamecus,376.95,50.5,554,279.7,59.252
1990,poisson_blanc,195.5,34.43,625,215.2,59.252
1990,quinze,260.89,26.03,1308,340.4,59.252
1990,rapide_7,307.84,28.17,,,59.252
1990,timiskaming,176.09,14.53,1217,176.9,59.252
1991,bark_lake,306.86,25.0,374,93.5,59.638
1991,baskatong,210.04,15.7,3049,478.7,59.638
1991,cabonga,359.67,74.36,1565,1163.8,59.638
1991,des_joachims,149.7,10.0,229,22.9,59.638
1991,dozois,338.1,14.21,1863,264.7,59.638
1991,kiamika,265.37,50.38,379,190.9,59.638
1991,kipawa,267.65,8.7,673,58.5,59.638
1991,lady_evelyn,286.41,39.33,308,121.2,59.638
1991,mitchinamecus,376.92,50.27,554,278.5,59.638
1991,poisson_blanc,193.13,10.14,625,63.4,59.638
1991,quinze,260.83,24.38,1308,318.9,59.638
1991,rapide_7,308.1,40.38,,,59.638
1991,timiskaming,175.72,5.42,1217,65.9,59.638
1992,bark_lake,306.01,16.0,374,59.8,59.518
1992,baskatong,208.73,7.27,3049,221.7,59.518
1992,cabonga,358.9,58.05,1565,908.5,59.518
1992,des_joachims,149.54,4.67,229,10.7,59.518
1992,dozois,338.12,14.43,1863,268.8,59.518
1992,kiamika,264.35,40.81,379,154.7,59.518
1992,kipawa,267.59,6.09,673,41.0,59.518
1992,lady_evelyn,285.83,27.98,308,86.2,59.518
1992,mitchinamecus,376.13,44.24,554,245.1,59.518
1992,poisson_blanc,193.53,14.24,625,89.0,59.518
1992,quinze,260.34,10.96,1308,143.3,59.518
1992,rapide_7,307.45,9.86,,,59.518
1992,timiskaming,175.33,-4.19,1217,-51.0,59.518
1993,bark_lake,305.78,13.56,374,50.7,58.753
1993,baskatong,209.53,12.42,3049,378.7,58.753
1993,cabonga,359.27,65.89,1565,1031.2,58.753
1993,des_joachims,150.01,20.33,229,46.6,58.753
1993,dozois,337.68,9.62,1863,179.2,58.753
1993,kiamika,264.3,40.34,379,152.9,58.753
1993,kipawa,267.71,11.3,673,76.1,58.753
1993,lady_evelyn,285.83,27.98,308,86.2,58.753
1993,mitchinamecus,375.87,42.26,554,234.1,58.753
1993,poisson_blanc,192.56,4.3,625,26.9,58.753
1993,quinze,260.64,19.18,1308,250.8,58.753
1993,rapide_7,307.46,10.33,,,58.753
1993,timiskaming,175.64,3.45,1217,42.0,58.753
1994,bark_lake,305.37,9.22,374,34.5,58.934
1994,baskatong,209.1,9.65,3049,294.3,58.934
1994,cabonga,359.75,76.06,1565,1190.3,58.934
1994,des_joachims,149.58,6.0,229,13.7,58.934
1994,dozois,337.76,10.49,1863,195.5,58.934
1994,kiamika,264.5,42.21,379,160.0,58.934
1994,kipawa,267.53,3.48,673,23.4,58.934
1994,lady_evelyn,285.37,18.98,308,58.5,58.934
1994,mitchinamecus,376.04,43.55,554,241.3,58.934
1994,poisson_blanc,192.5,3.69,625,23.1,58.934
1994,quinze,260.51,15.62,1308,204.3,58.934
1994,rapide_7,307.49,11.74,,,58.934
1994,timiskaming,175.54,0.99,1217,12.0,58.934
1995,bark_lake,309.05,48.2,374,180.3,59.223
1995,baskatong,213.37,37.13,3049,1132.1,59.223
1995,cabonga,359.64,73.73,1565,1153.9,59.223
1995,des_joachims,150.55,38.33,229,87.8,59.223
1995,dozois,338.53,18.91,1863,352.2,59.223
1995,kiamika,266.87,64.45,379,244.3,59.223
1995,kipawa,267.6,6.52,673,43.9,59.223
1995,lady_evelyn,286.41,39.33,308,121.2,59.223
1995,mitchinamecus,378.33,61.02,554,338.1,59.223
1995,poisson_blanc,197.24,52.25,625,326.6,59.223
1995,quinze,260.92,26.85,1308,351.2,59.223
1995,rapide_7,307.86,29.11,,,59.223
1995,timiskaming,176.11,15.02,1217,182.8,59.223
1996,bark_lake,305.7,12.71,374,47.5,59.823
1996,baskatong,210.82,20.72,3049,631.8,59.823
1996,cabonga,359.09,62.08,1565,971.5,59.823
1996,des_joachims,149.95,18.33,229,42.0,59.823
1996,dozois,337.96,12.68,1863,236.2,59.823
1996,kiamika,264.59,43.06,379,163.2,59.823
1996,kipawa,267.65,8.7,673,58.5,59.823
1996,lady_evelyn,285.45,20.55,308,63.3,59.823
1996,mitchinamecus,376.67,48.36,554,267.9,59.823
1996,poisson_blanc,194.01,19.16,625,119.7,59.823
1996,quinze,260.71,21.1,1308,275.9,59.823
1996,rapide_7,307.76,24.41,,,59.823
1996,timiskaming,175.67,4.19,1217,51.0,59.823
1997,bark_lake,305.62,11.86,374,44.4,
1997,baskatong,209.73,13.71,3049,417.9,
1997,cabonga,359.53,71.4,1565,1117.4,
1997,des_joachims,150.01,20.33,229,46.6,
1997,dozois,337.97,12.79,1863,238.2,
1997,kiamika,264.02,37.71,379,142.9,
1997,kipawa,267.65,8.7,673,58.5,
1997,lady_evelyn,285.33,18.2,308,56.1,
1997,mitchinamecus,376.59,47.75,554,264.5,
1997,poisson_blanc,192.41,2.77,625,17.3,
1997,quinze,260.8,23.56,1308,308.2,
1997,rapide_7,307.64,18.78,,,
1997,timiskaming,175.47,-0.74,1217,-9.0,
1998,bark_lake,307.66,33.47,374,125.2,
1998,baskatong,213.16,35.78,3049,1090.9,
1998,cabonga,359.2,64.41,1565,1008.0,
1998,des_joachims,150.44,34.67,229,79.4,
1998,dozois,338.93,23.28,1863,433.7,
1998,kiamika,265.31,49.81,379,188.8,
1998,kipawa,267.86,17.83,673,120.0,
1998,lady_evelyn,286.87,48.34,308,148.9,
1998,mitchinamecus,377.49,54.61,554,302.6,
1998,poisson_blanc,196.77,47.44,625,296.5,
1998,quinze,261.09,31.51,1308,412.1,
1998,rapide_7,308.39,53.99,,,
1998,timiskaming,176.74,30.54,1217,371.7,
1999,bark_lake,305.83,14.09,374,52.7,
1999,baskatong,209.79,14.09,3049,429.7,
1999,cabonga,357.47,27.75,1565,434.4,
1999,des_joachims,149.55,5.0,229,11.5,
1999,dozois,337.76,10.49,1863,195.5,
1999,kiamika,264.79,44.93,379,170.3,
1999,kipawa,267.48,1.3,673,8.8,
1999,lady_evelyn,286.39,38.94,308,119.9,
1999,mitchinamecus,377.07,51.41,554,284.8,
1999,poisson_blanc,192.79,6.66,625,41.6,
1999,quinze,260.79,23.29,1308,304.6,
1999,rapide_7,307.85,28.64,,,
1999,timiskaming,175.71,5.17,1217,62.9,
2000,bark_lake,309.49,52.86,374,197.7,
2000,baskatong,213.4,37.32,3049,1138.0,
2000,cabonga,359.17,63.77,1565,998.0,
2000,des_joachims,151.39,66.33,229,151.9,
2000,dozois,338.7,20.77,1863,386.9,
2000,kiamika,266.52,61.16,379,231.8,
2000,kipawa,267.7,10.87,673,73.2,
2000,lady_evelyn,286.5,41.1,308,126.6,
2000,mitchinamecus,377.48,54.54,554,302.1,
2000,poisson_blanc,195.97,39.24,625,245.3,
2000,quinze,261.7,48.22,1308,630.7,
2000,rapide_7,308.31,50.23,,,
2000,timiskaming,176.66,28.57,1217,347.7,
2001,bark_lake,306.07,16.63,374,62.2,
2001,baskatong,209.99,15.38,3049,468.9,
2001,cabonga,358.82,56.36,1565,882.0,
2001,des_joachims,150.05,21.67,229,49.6,
2001,dozois,337.67,9.51,1863,177.1,
2001,kiamika,263.74,35.08,379,133.0,
2001,kipawa,267.53,3.48,673,23.4,
2001,lady_evelyn,285.75,26.42,308,81.4,
2001,mitchinamecus,376.26,45.23,554,250.6,
2001,poisson_blanc,191.93,-2.15,625,-13.4,
2001,quinze,260.74,21.92,1308,286.7,
2001,rapide_7,307.84,28.17,,,
2001,timiskaming,175.48,-0.49,1217,-6.0,
2002,bark_lake,309.88,56.99,374,213.1,59.971
2002,baskatong,210.93,21.43,3049,653.4,59.971
2002,cabonga,359.46,69.92,1565,1094.2,59.971
2002,des_joachims,150.36,32.0,229,73.3,59.971
2002,dozois,338.41,17.6,1863,327.8,59.971
2002,kiamika,265.89,55.25,379,209.4,59.971
2002,kipawa,267.54,3.91,673,26.3,59.971
2002,lady_evelyn,286.33,37.77,308,116.3,59.971
2002,mitchinamecus,378.25,60.41,554,334.7,59.971
2002,poisson_blanc,193.99,18.95,625,118.5,59.971
2002,quinze,260.93,27.12,1308,354.8,59.971
2002,rapide_7,308.29,49.3,,,59.971
2002,timiskaming,175.87,9.11,1217,110.9,59.971
2003,bark_lake,308.63,43.75,374,163.6,58.845
2003,baskatong,210.34,17.63,3049,537.6,58.845
2003,cabonga,359.19,64.19,1565,1004.7,58.845
2003,des_joachims,149.96,18.67,229,42.7,58.845
2003,dozois,337.67,9.51,1863,177.1,58.845
2003,kiamika,264.26,39.96,379,151.5,58.845
2003,kipawa,267.49,1.74,673,11.7,58.845
2003,lady_evelyn,286.09,33.07,308,101.9,58.845
2003,mitchinamecus,377.12,51.79,554,286.9,58.845
2003,poisson_blanc,193.85,17.52,625,109.5,58.845
2003,quinze,260.87,25.48,1308,333.3,58.845
2003,rapide_7,307.97,34.27,,,58.845
2003,timiskaming,175.85,8.62,1217,104.9,58.845
2004,bark_lake,308.92,46.82,374,175.1,59.375
2004,baskatong,210.13,16.28,3049,496.4,59.375
2004,cabonga,359.36,67.8,1565,1061.0,59.375
2004,des_joachims,150.46,35.33,229,80.9,59.375
2004,dozois,338.27,16.07,1863,299.3,59.375
2004,kiamika,266.01,56.38,379,213.7,59.375
2004,kipawa,267.55,4.35,673,29.3,59.375
2004,lady_evelyn,286.47,40.51,308,124.8,59.375
2004,mitchinamecus,377.17,52.17,554,289.0,59.375
2004,poisson_blanc,193.78,16.8,625,105.0,59.375
2004,quinze,260.83,24.38,1308,318.9,59.375
2004,rapide_7,308.4,54.46,,,59.375
2004,timiskaming,176.1,14.78,1217,179.9,59.375
2005,bark_lake,306.77,24.05,374,89.9,59.445
2005,baskatong,210.22,16.86,3049,514.1,59.445
2005,cabonga,358.94,58.9,1565,921.8,59.445
2005,des_joachims,150.03,21.0,229,48.1,59.445
2005,dozois,337.97,12.79,1863,238.2,59.445
2005,kiamika,264.38,41.09,379,155.7,59.445
2005,kipawa,267.47,0.87,673,5.9,59.445
2005,lady_evelyn,286.35,38.16,308,117.5,59.445
2005,mitchinamecus,376.91,50.19,554,278.1,59.445
2005,poisson_blanc,193.04,9.22,625,57.6,59.445
2005,quinze,260.86,25.21,1308,329.7,59.445
2005,rapide_7,307.76,24.41,,,59.445
2005,timiskaming,175.58,1.97,1217,24.0,59.445
2006,bark_lake,309.05,48.2,374,180.3,59.57
2006,baskatong,209.57,12.68,3049,386.5,59.57
2006,cabonga,359.35,67.58,1565,1057.7,59.57
2006,des_joachims,149.89,16.33,229,37.4,59.57
2006,dozois,338.46,18.14,1863,338.0,59.57
2006,kiamika,265.21,48.87,379,185.2,59.57
2006,kipawa,267.8,15.22,673,102.4,59.57
2006,lady_evelyn,286.34,37.96,308,116.9,59.57
2006,mitchinamecus,377.46,54.39,554,301.3,59.57
2006,poisson_blanc,194.44,23.57,625,147.3,59.57
2006,quinze,260.9,26.3,1308,344.0,59.57
2006,rapide_7,307.85,28.64,,,59.57
2006,timiskaming,175.98,11.82,1217,143.9,59.57
2007,bark_lake,309.4,51.91,374,194.1,58.966
2007,baskatong,210.39,17.95,3049,547.4,58.966
2007,cabonga,359.56,72.03,1565,1127.3,58.966
2007,des_joachims,150.04,21.33,229,48.9,58.966
2007,dozois,338.18,15.08,1863,281.0,58.966
2007,kiamika,266.14,57.6,379,218.3,58.966
2007,kipawa,267.63,7.83,673,52.7,58.966
2007,lady_evelyn,286.47,40.51,308,124.8,58.966
2007,mitchinamecus,376.83,49.58,554,274.7,58.966
2007,poisson_blanc,194.27,21.82,625,136.4,58.966
2007,quinze,261.05,30.41,1308,397.8,58.966
2007,rapide_7,308.01,36.15,,,58.966
2007,timiskaming,175.92,10.34,1217,125.9,58.966
2008,bark_lake,306.8,24.36,374,91.1,59.682
2008,baskatong,209.31,11.0,3049,335.5,59.682
2008,cabonga,359.33,67.16,1565,1051.1,59.682
2008,des_joachims,149.59,6.33,229,14.5,59.682
2008,dozois,338.3,16.39,1863,305.4,59.682
2008,kiamika,265.98,56.1,379,212.6,59.682
2008,kipawa,267.64,8.26,673,55.6,59.682
2008,lady_evelyn,286.43,39.73,308,122.4,59.682
2008,mitchinamecus,377.3,53.17,554,294.5,59.682
2008,poisson_blanc,194.22,21.31,625,133.2,59.682
2008,quinze,260.73,21.64,1308,283.1,59.682
2008,rapide_7,307.89,30.52,,,59.682
2008,timiskaming,175.55,1.23,1217,15.0,59.682
2009,bark_lake,309.47,52.65,374,196.9,59.585
2009,baskatong,210.74,20.21,3049,616.1,59.585
2009,cabonga,359.5,70.76,1565,1107.4,59.585
2009,des_joachims,149.76,12.0,229,27.5,59.585
2009,dozois,338.64,20.11,1863,374.6,59.585
2009,kiamika,265.46,51.22,379,194.1,59.585
2009,kipawa,267.51,2.61,673,17.6,59.585
2009,lady_evelyn,285.66,24.66,308,75.9,59.585
2009,mitchinamecus,376.86,49.81,554,275.9,59.585
2009,poisson_blanc,194.48,23.98,625,149.8,59.585
2009,quinze,260.81,23.84,1308,311.8,59.585
2009,rapide_7,307.93,32.39,,,59.585
2009,timiskaming,175.82,7.88,1217,95.9,59.585
2010,bark_lake,307.75,34.43,374,128.8,58.775
2010,baskatong,211.99,28.25,3049,861.3,58.775
2010,cabonga,358.89,57.84,1565,905.2,58.775
2010,des_joachims,150.91,50.33,229,115.3,58.775
2010,dozois,338.63,20.0,1863,372.6,58.775
2010,kiamika,265.35,50.19,379,190.2,58.775
2010,kipawa,267.65,8.7,673,58.5,58.775
2010,lady_evelyn,286.53,41.68,308,128.4,58.775
2010,mitchinamecus,377.47,54.46,554,301.7,58.775
2010,poisson_blanc,195.69,36.37,625,227.3,58.775
2010,quinze,260.95,27.67,1308,361.9,58.775
2010,rapide_7,307.96,33.8,,,58.775
2010,timiskaming,176.09,14.53,1217,176.9,58.775
2011,bark_lake,307.97,36.76,374,137.5,59.585
2011,baskatong,210.56,19.05,3049,580.8,59.585
2011,cabonga,359.35,67.58,1565,1057.7,59.585
2011,des_joachims,149.58,6.0,229,13.7,59.585
2011,dozois,338.73,21.09,1863,393.0,59.585
2011,kiamika,265.94,55.72,379,211.2,59.585
2011,kipawa,267.59,6.09,673,41.0,59.585
2011,lady_evelyn,286.55,42.07,308,129.6,59.585
2011,mitchinamecus,377.57,55.23,554,305.9,59.585
2011,poisson_blanc,194.44,23.57,625,147.3,59.585
2011,quinze,260.69,20.55,1308,268.8,59.585
2011,rapide_7,308.13,41.78,,,59.585
2011,timiskaming,175.73,5.67,1217,68.9,59.585
2012,bark_lake,312.72,87.08,374,325.7,59.514
2012,baskatong,218.29,68.79,3049,2097.4,59.514
2012,cabonga,359.6,72.88,1565,1140.6,59.514
2012,des_joachims,151.4,66.67,229,152.7,59.514
2012,dozois,341.54,51.8,1863,965.1,59.514
2012,kiamika,267.72,72.42,379,274.5,59.514
2012,kipawa,268.65,52.17,673,351.1,59.514
2012,lady_evelyn,288.21,74.56,308,229.6,59.514
2012,mitchinamecus,378.77,64.38,554,356.7,59.514
2012,poisson_blanc,198.31,63.22,625,395.1,59.514
2012,quinze,263.22,89.86,1308,1175.4,59.514
2012,rapide_7,309.14,89.2,,,59.514
2012,timiskaming,178.93,84.48,1217,1028.2,59.514
2013,bark_lake,307.49,31.67,374,118.5,59.766
2013,baskatong,209.42,11.71,3049,357.1,59.766
2013,cabonga,359.57,72.25,1565,1130.6,59.766
2013,des_joachims,149.77,12.33,229,28.2,59.766
2013,dozois,338.3,16.39,1863,305.4,59.766
2013,kiamika,265.29,49.62,379,188.1,59.766
2013,kipawa,267.57,5.22,673,35.1,59.766
2013,lady_evelyn,286.18,34.83,308,107.3,59.766
2013,mitchinamecus,375.74,41.27,554,228.6,59.766
2013,poisson_blanc,194.16,20.7,625,129.4,59.766
2013,quinze,260.81,23.84,1308,311.8,59.766
2013,rapide_7,307.97,34.27,,,59.766
2013,timiskaming,175.87,9.11,1217,110.9,59.766
2014,bark_lake,306.8,24.36,374,91.1,59.742
2014,baskatong,209.66,13.26,3049,404.2,59.742
2014,cabonga,359.3,66.53,1565,1041.1,59.742
2014,des_joachims,149.55,5.0,229,11.5,59.742
2014,dozois,337.98,12.9,1863,240.3,59.742
2014,kiamika,264.52,42.4,379,160.7,59.742
2014,kipawa,267.57,5.22,673,35.1,59.742
2014,lady_evelyn,286.17,34.64,308,106.7,59.742
2014,mitchinamecus,377.03,51.11,554,283.1,59.742
2014,poisson_blanc,193.0,8.81,625,55.1,59.742
2014,quinze,260.77,22.74,1308,297.4,59.742
2014,rapide_7,307.92,31.92,,,59.742
2014,timiskaming,175.45,-1.23,1217,-15.0,59.742
2015,bark_lake,306.96,26.06,374,97.5,59.325
2015,baskatong,209.99,15.38,3049,468.9,59.325
2015,cabonga,359.4,68.64,1565,1074.3,59.325
2015,des_joachims,149.49,3.0,229,6.9,59.325
2015,dozois,337.93,12.35,1863,230.1,59.325
2015,kiamika,264.2,39.4,379,149.3,59.325
2015,kipawa,267.55,4.35,673,29.3,59.325
2015,lady_evelyn,285.94,30.14,308,92.8,59.325
2015,mitchinamecus,376.53,47.29,554,262.0,59.325
2015,poisson_blanc,192.98,8.61,625,53.8,59.325
2015,quinze,260.72,21.37,1308,279.5,59.325
2015,rapide_7,308.02,36.62,,,59.325
2015,timiskaming,175.55,1.23,1217,15.0,59.325
2016,bark_lake,311.04,69.28,374,259.1,59.606
2016,baskatong,214.22,42.6,3049,1298.9,59.606
2016,cabonga,359.78,76.69,1565,1200.3,59.606
2016,des_joachims,150.48,36.0,229,82.4,59.606
2016,dozois,339.79,32.68,1863,608.8,59.606
2016,kiamika,266.86,64.35,379,243.9,59.606
2016,kipawa,267.76,13.48,673,90.7,59.606
2016,lady_evelyn,286.62,43.44,308,133.8,59.606
2016,mitchinamecus,378.28,60.64,554,335.9,59.606
2016,poisson_blanc,195.33,32.68,625,204.3,59.606
2016,quinze,261.13,32.6,1308,426.4,59.606
2016,rapide_7,308.4,54.46,,,59.606
2016,timiskaming,176.5,24.63,1217,299.8,59.606
2017,bark_lake,308.52,42.58,374,159.3,60.443
2017,baskatong,209.53,12.42,3049,378.7,60.443
2017,cabonga,359.59,72.67,1565,1137.3,60.443
2017,des_joachims,149.59,6.33,229,14.5,60.443
2017,dozois,338.29,16.28,1863,303.4,60.443
2017,kiamika,265.96,55.91,379,211.9,60.443
2017,kipawa,267.61,6.96,673,46.8,60.443
2017,lady_evelyn,286.33,37.77,308,116.3,60.443
2017,mitchinamecus,377.02,51.03,554,282.7,60.443
2017,poisson_blanc,193.25,11.37,625,71.1,60.443
2017,quinze,260.85,24.93,1308,326.1,60.443
2017,rapide_7,308.21,45.54,,,60.443
2017,timiskaming,176.01,12.56,1217,152.9,60.443
2018,bark_lake,308.61,43.54,374,162.8,59.8
2018,baskatong,209.36,11.33,3049,345.3,59.8
2018,cabonga,359.21,64.62,1565,1011.3,59.8
2018,des_joachims,149.62,7.33,229,16.8,59.8
2018,dozois,337.94,12.46,1863,232.1,59.8
2018,kiamika,264.71,44.18,379,167.5,59.8
2018,kipawa,267.56,4.78,673,32.2,59.8
2018,lady_evelyn,286.44,39.92,308,123.0,59.8
2018,mitchinamecus,376.87,49.89,554,276.4,59.8
2018,poisson_blanc,193.43,13.22,625,82.6,59.8
2018,quinze,260.54,16.44,1308,215.0,59.8
2018,rapide_7,307.82,27.23,,,59.8
2018,timiskaming,175.56,1.48,1217,18.0,59.8
2019,bark_lake,306.67,22.99,374,86.0,60.682
2019,baskatong,209.19,10.23,3049,312.0,60.682
2019,cabonga,359.35,67.58,1565,1057.7,60.682
2019,des_joachims,149.64,8.0,229,18.3,60.682
2019,dozois,338.11,14.32,1863,266.7,60.682
2019,kiamika,265.73,53.75,379,203.7,60.682
2019,kipawa,267.48,1.3,673,8.8,60.682
2019,lady_evelyn,286.32,37.57,308,115.7,60.682
2019,mitchinamecus,376.62,47.98,554,265.8,60.682
2019,poisson_blanc,193.34,12.3,625,76.8,60.682
2019,quinze,260.76,22.47,1308,293.9,60.682
2019,rapide_7,307.86,29.11,,,60.682
2019,timiskaming,175.75,6.16,1217,74.9,60.682
2020,bark_lake,306.96,26.06,374,97.5,59.586
2020,baskatong,209.03,9.2,3049,280.6,59.586
2020,cabonga,359.31,66.74,1565,1044.4,59.586
2020,des_joachims,149.54,4.67,229,10.7,59.586
2020,dozois,338.45,18.03,1863,336.0,59.586
2020,kiamika,265.4,50.66,379,192.0,59.586
2020,kipawa,267.63,7.83,673,52.7,59.586
2020,lady_evelyn,286.18,34.83,308,107.3,59.586
2020,mitchinamecus,376.96,50.57,554,280.2,59.586
2020,poisson_blanc,194.08,19.88,625,124.2,59.586
2020,quinze,260.83,24.38,1308,318.9,59.586
2020,rapide_7,307.56,15.02,,,59.586
2020,timiskaming,175.87,9.11,1217,110.9,59.586
2021,bark_lake,308.2,39.19,374,146.6,59.068
2021,baskatong,213.19,35.97,3049,1096.8,59.068
2021,cabonga,359.44,69.49,1565,1087.5,59.068
2021,des_joachims,150.57,39.0,229,89.3,59.068
2021,dozois,339.14,25.57,1863,476.4,59.068
2021,kiamika,266.48,60.79,379,230.4,59.068
2021,kipawa,267.91,20.0,673,134.6,59.068
2021,lady_evelyn,286.8,46.97,308,144.7,59.068
2021,mitchinamecus,378.04,58.81,554,325.8,59.068
2021,poisson_blanc,196.61,45.8,625,286.2,59.068
2021,quinze,261.58,44.93,1308,587.7,59.068
2021,rapide_7,308.54,61.03,,,59.068
2021,timiskaming,176.62,27.59,1217,335.7,59.068
2022,bark_lake,308.29,40.15,374,150.2,59.455
2022,baskatong,209.1,9.65,3049,294.3,59.455
2022,cabonga,359.43,69.28,1565,1084.2,59.455
2022,des_joachims,149.56,5.33,229,12.2,59.455
2022,dozois,338.85,22.4,1863,417.4,59.455
2022,kiamika,265.76,54.03,379,204.8,59.455
2022,kipawa,267.81,15.65,673,105.3,59.455
2022,lady_evelyn,286.71,45.21,308,139.2,59.455
2022,mitchinamecus,376.82,49.5,554,274.3,59.455
2022,poisson_blanc,193.44,13.32,625,83.2,59.455
2022,quinze,260.94,27.4,1308,358.4,59.455
2022,rapide_7,307.75,23.94,,,59.455
2022,timiskaming,175.85,8.62,1217,104.9,59.455
2023,bark_lake,305.29,8.37,374,31.3,60.342
2023,baskatong,208.78,7.59,3049,231.5,60.342
2023,cabonga,359.42,69.07,1565,1080.9,60.342
2023,des_joachims,149.65,8.33,229,19.1,60.342
2023,dozois,338.64,20.11,1863,374.6,60.342
2023,kiamika,265.49,51.5,379,195.2,60.342
2023,kipawa,267.57,5.22,673,35.1,60.342
2023,lady_evelyn,287.1,52.84,308,162.7,60.342
2023,mitchinamecus,376.77,49.12,554,272.1,60.342
2023,poisson_blanc,193.07,9.53,625,59.6,60.342
2023,quinze,260.8,23.56,1308,308.2,60.342
2023,rapide_7,307.96,33.8,,,60.342
2023,timiskaming,175.62,2.96,1217,36.0,60.342
2024,bark_lake,310.19,60.28,374,225.4,59.42
2024,baskatong,214.45,44.08,3049,1344.0,59.42
2024,cabonga,359.46,69.92,1565,1094.2,59.42
2024,des_joachims,151.45,68.33,229,156.5,59.42
2024,dozois,340.14,36.5,1863,680.0,59.42
2024,kiamika,265.6,52.53,379,199.1,59.42
2024,kipawa,268.68,53.48,673,359.9,59.42
2024,lady_evelyn,287.48,60.27,308,185.6,59.42
2024,mitchinamecus,377.32,53.32,554,295.4,59.42
2024,poisson_blanc,197.08,50.61,625,316.3,59.42
2024,quinze,261.62,46.03,1308,602.0,59.42
2024,rapide_7,308.2,45.07,,,59.42
2024,timiskaming,177.42,47.29,1217,575.5,59.42
2025,bark_lake,309.04,48.09,374,179.9,
2025,baskatong,211.63,25.93,3049,790.7,
2025,cabonga,359.82,77.54,1565,1213.5,
2025,des_joachims,149.43,1.0,229,2.3,
2025,dozois,340.05,35.52,1863,661.7,
2025,kiamika,265.48,51.41,379,194.8,
2025,kipawa,267.76,13.48,673,90.7,
2025,lady_evelyn,286.9,48.92,308,150.7,
2025,mitchinamecus,378.59,63.01,554,349.0,
2025,poisson_blanc,196.02,39.75,625,248.5,
2025,quinze,261.2,34.52,1308,451.5,
2025,rapide_7,308.5,59.15,,,
2025,timiskaming,176.34,20.69,1217,251.8,
