date,flow_cms,flow_symbol,level_m,level_symbol
1942-04-01,963.000,,,
1942-04-02,985.000,,,
1942-04-03,1040.000,,,
1942-04-04,1080.000,,,
1942-04-05,1140.000,,,
1942-04-06,1200.000,,,
1942-04-07,1290.000,,,
1942-04-08,1420.000,,,
1942-04-09,1570.000,,,
1942-04-10,1650.000,,,
1942-04-11,1650.000,,,
1942-04-12,1650.000,,,
1942-04-13,1650.000,,,
1942-04-14,1620.000,,,
1942-04-15,1620.000,,,
1942-04-16,1670.000,,,
1942-04-17,1740.000,,,
1942-04-18,1960.000,,,
1942-04-19,2230.000,,,
1942-04-20,2430.000,,,
1942-04-21,2570.000,,,
1942-04-22,2670.000,,,
1942-04-23,2710.000,,,
1942-04-24,2720.000,,,
1942-04-25,2780.000,,,
1942-04-26,2830.000,,,
1942-04-27,2890.000,,,
1942-04-28,2890.000,,,
1942-04-29,2890.000,,,
1942-04-30,2830.000,,,
1942-05-01,2750.000,,,
1942-05-02,2640.000,,,
1942-05-03,2510.000,,,
1942-05-04,2360.000,,,
1942-05-05,2160.000,,,
1942-05-06,2030.000,,,
1942-05-07,1930.000,,,
1942-05-08,1830.000,,,
1942-05-09,1780.000,,,
1942-05-10,1680.000,,,
1942-05-11,1550.000,,,
1942-05-12,1420.000,,,
1942-05-13,1330.000,,,
1942-05-14,1260.000,,,
1942-05-15,1250.000,,,
1942-05-16,1230.000,,,
1942-05-17,1250.000,,,
1942-05-18,1300.000,,,
1942-05-19,1380.000,,,
1942-05-20,1460.000,,,
1942-05-21,1500.000,,,
1942-05-22,1540.000,,,
1942-05-23,1650.000,,,
1942-05-24,1830.000,,,
1942-05-25,2020.000,,,
1942-05-26,2170.000,,,
1942-05-27,2300.000,,,
1942-05-28,2320.000,,,
1942-05-29,2300.000,,,
1942-05-30,2260.000,,,
1942-05-31,2210.000,,,
1942-06-01,2120.000,,,
1942-06-02,2050.000,,,
1942-06-03,1980.000,,,
1942-06-04,1880.000,,,
1942-06-05,1810.000,,,
1942-06-06,1740.000,,,
1942-06-07,1690.000,,,
1942-06-08,1650.000,,,
1942-06-09,1630.000,,,
1942-06-10,1570.000,,,
1942-06-11,1530.000,,,
1942-06-12,1530.000,,,
1942-06-13,1530.000,,,
1942-06-14,1540.000,,,
1942-06-15,1540.000,,,
1942-06-16,1510.000,,,
1942-06-17,1480.000,,,
1942-06-18,1390.000,,,
1942-06-19,1320.000,,,
1942-06-20,1260.000,,,
1942-06-21,1170.000,,,
1942-06-22,1150.000,,,
1942-06-23,1140.000,,,
1942-06-24,1110.000,,,
1942-06-25,1090.000,,,
1942-06-26,1080.000,,,
1942-06-27,1060.000,,,
1942-06-28,988.000,,,
1942-06-29,1000.000,,,
1942-06-30,974.000,,,
1942-07-01,883.000,,,
1942-07-02,878.000,,,
1942-07-03,872.000,,,
1942-07-04,838.000,,,
1942-07-05,801.000,,,
1942-07-06,784.000,,,
1942-07-07,762.000,,,
1942-07-08,765.000,,,
1942-07-09,736.000,,,
1942-07-10,719.000,,,
1942-07-11,702.000,,,
1942-07-12,674.000,,,
1942-07-13,699.000,,,
1942-07-14,702.000,,,
1942-07-15,694.000,,,
1942-07-16,671.000,,,
1942-07-17,663.000,,,
1942-07-18,651.000,,,
1942-07-19,640.000,,,
1942-07-20,654.000,,,
1942-07-21,651.000,,,
1942-07-22,648.000,,,
1942-07-23,643.000,,,
1942-07-24,648.000,,,
1942-07-25,634.000,,,
1942-07-26,609.000,,,
1942-07-27,646.000,,,
1942-07-28,643.000,,,
1942-07-29,643.000,,,
1942-07-30,634.000,,,
1942-07-31,629.000,,,
1942-08-01,623.000,,,
1942-08-02,552.000,,,
1942-08-03,532.000,,,
1942-08-04,626.000,,,
1942-08-05,626.000,,,
1942-08-06,617.000,,,
1942-08-07,603.000,,,
1942-08-08,603.000,,,
1942-08-09,595.000,,,
1942-08-10,592.000,,,
1942-08-11,609.000,,,
1942-08-12,620.000,,,
1942-08-13,626.000,,,
1942-08-14,620.000,,,
1942-08-15,572.000,,,
1942-08-16,549.000,,,
1942-08-17,648.000,,,
1942-08-18,626.000,,,
1942-08-19,612.000,,,
1942-08-20,595.000,,,
1942-08-21,558.000,,,
1942-08-22,532.000,,,
1942-08-23,592.000,,,
1942-08-24,549.000,,,
1942-08-25,586.000,,,
1942-08-26,479.000,,,
1942-08-27,555.000,,,
1942-08-28,561.000,,,
1942-08-29,558.000,,,
1942-08-30,490.000,,,
1942-08-31,547.000,,,
1942-09-01,527.000,,,
1942-09-02,504.000,,,
1942-09-03,507.000,,,
1942-09-04,501.000,,,
1942-09-05,501.000,,,
1942-09-06,479.000,,,
1942-09-07,459.000,,,
1942-09-08,447.000,,,
1942-09-09,473.000,,,
1942-09-10,501.000,,,
1942-09-11,544.000,,,
1942-09-12,541.000,,,
1942-09-13,532.000,,,
1942-09-14,527.000,,,
1942-09-15,518.000,,,
1942-09-16,524.000,,,
1942-09-17,518.000,,,
1942-09-18,518.000,,,
1942-09-19,518.000,,,
1942-09-20,515.000,,,
1942-09-21,527.000,,,
1942-09-22,515.000,,,
1942-09-23,504.000,,,
1942-09-24,493.000,,,
1942-09-25,498.000,,,
1942-09-26,490.000,,,
1942-09-27,493.000,,,
1942-09-28,515.000,,,
1942-09-29,518.000,,,
1942-09-30,532.000,,,
1942-10-01,535.000,,,
1942-10-02,538.000,,,
1942-10-03,552.000,,,
1942-10-04,530.000,,,
1942-10-05,524.000,,,
1942-10-06,527.000,,,
1942-10-07,527.000,,,
1942-10-08,530.000,,,
1942-10-09,530.000,,,
1942-10-10,513.000,,,
1942-10-11,501.000,,,
1942-10-12,490.000,,,
1942-10-13,484.000,,,
1942-10-14,470.000,,,
1942-10-15,459.000,,,
1942-10-16,445.000,,,
1942-10-17,430.000,,,
1942-10-18,411.000,,,
1942-10-19,399.000,,,
1942-10-20,385.000,,,
1942-10-21,379.000,,,
1942-10-22,377.000,,,
1942-10-23,371.000,,,
1942-10-24,331.000,,,
1942-10-25,337.000,,,
1942-10-26,323.000,,,
1942-10-27,345.000,,,
1942-10-28,326.000,,,
1942-10-29,345.000,,,
1942-10-30,345.000,,,
1942-10-31,348.000,,,
1942-11-01,348.000,,,
1942-11-02,371.000,,,
1942-11-03,368.000,,,
1942-11-04,371.000,,,
1942-11-05,377.000,,,
1942-11-06,382.000,,,
1942-11-07,382.000,,,
1942-11-08,385.000,,,
1942-11-09,382.000,,,
1942-11-10,365.000,,,
1942-11-11,388.000,,,
1942-11-12,399.000,,,
1942-11-13,408.000,,,
1942-11-14,433.000,,,
1942-11-15,436.000,,,
1942-11-16,422.000,,,
1942-11-17,428.000,,,
1942-11-18,428.000,,,
1942-11-19,433.000,,,
1942-11-20,439.000,,,
1942-11-21,447.000,,,
1942-11-22,462.000,,,
1942-11-23,464.000,,,
1942-11-24,453.000,,,
1942-11-25,456.000,,,
1942-11-26,456.000,,,
1942-11-27,453.000,,,
1942-11-28,462.000,,,
1942-11-29,447.000,,,
1942-11-30,433.000,,,
1942-12-01,405.000,,,
1942-12-02,405.000,,,
1942-12-03,405.000,,,
1942-12-04,405.000,,,
1942-12-05,405.000,,,
1942-12-06,405.000,,,
1942-12-07,405.000,,,
1942-12-08,405.000,,,
1942-12-09,405.000,,,
1942-12-10,405.000,,,
1942-12-11,405.000,,,
1942-12-12,405.000,,,
1942-12-13,405.000,,,
1942-12-14,405.000,,,
1942-12-15,405.000,,,
1942-12-16,405.000,,,
1942-12-17,405.000,,,
1942-12-18,405.000,,,
1942-12-19,405.000,,,
1942-12-20,405.000,,,
1942-12-21,405.000,,,
1942-12-22,405.000,,,
1942-12-23,405.000,,,
1942-12-24,405.000,,,
1942-12-25,405.000,,,
1942-12-26,405.000,,,
1942-12-27,405.000,,,
1942-12-28,405.000,,,
1942-12-29,405.000,,,
1942-12-30,405.000,,,
1942-12-31,405.000,,,
1943-01-01,513.000,,,
1943-01-02,513.000,,,
1943-01-03,513.000,,,
1943-01-04,513.000,,,
1943-01-05,513.000,,,
1943-01-06,513.000,,,
1943-01-07,513.000,,,
1943-01-08,513.000,,,
1943-01-09,513.000,,,
1943-01-10,513.000,,,
1943-01-11,513.000,,,
1943-01-12,513.000,,,
1943-01-13,513.000,,,
1943-01-14,513.000,,,
1943-01-15,513.000,,,
1943-01-16,513.000,,,
1943-01-17,513.000,,,
1943-01-18,513.000,,,
1943-01-19,513.000,,,
1943-01-20,513.000,,,
1943-01-21,513.000,,,
1943-01-22,513.000,,,
1943-01-23,513.000,,,
1943-01-24,513.000,,,
1943-01-25,513.000,,,
1943-01-26,513.000,,,
1943-01-27,513.000,,,
1943-01-28,513.000,,,
1943-01-29,513.000,,,
1943-01-30,513.000,,,
1943-01-31,513.000,,,
1943-02-01,544.000,,,
1943-02-02,544.000,,,
1943-02-03,544.000,,,
1943-02-04,544.000,,,
1943-02-05,544.000,,,
1943-02-06,544.000,,,
1943-02-07,544.000,,,
1943-02-08,544.000,,,
1943-02-09,544.000,,,
1943-02-10,544.000,,,
1943-02-11,544.000,,,
1943-02-12,544.000,,,
1943-02-13,544.000,,,
1943-02-14,544.000,,,
1943-02-15,544.000,,,
1943-02-16,544.000,,,
1943-02-17,544.000,,,
1943-02-18,544.000,,,
1943-02-19,544.000,,,
1943-02-20,544.000,,,
1943-02-21,544.000,,,
1943-02-22,544.000,,,
1943-02-23,544.000,,,
1943-02-24,544.000,,,
1943-02-25,544.000,,,
1943-02-26,544.000,,,
1943-02-27,544.000,,,
1943-02-28,544.000,,,
1943-03-01,643.000,,,
1943-03-02,643.000,,,
1943-03-03,643.000,,,
1943-03-04,643.000,,,
1943-03-05,643.000,,,
1943-03-06,643.000,,,
1943-03-07,643.000,,,
1943-03-08,643.000,,,
1943-03-09,643.000,,,
1943-03-10,643.000,,,
1943-03-11,643.000,,,
1943-03-12,643.000,,,
1943-03-13,643.000,,,
1943-03-14,643.000,,,
1943-03-15,643.000,,,
1943-03-16,643.000,,,
1943-03-17,643.000,,,
1943-03-18,643.000,,,
1943-03-19,643.000,,,
1943-03-20,643.000,,,
1943-03-21,643.000,,,
1943-03-22,643.000,,,
1943-03-23,643.000,,,
1943-03-24,643.000,,,
1943-03-25,643.000,,,
1943-03-26,643.000,,,
1943-03-27,643.000,,,
1943-03-28,643.000,,,
1943-03-29,643.000,,,
1943-03-30,643.000,,,
1943-03-31,643.000,,,
1943-04-01,705.000,,,
1943-04-02,705.000,,,
1943-04-03,725.000,,,
1943-04-04,728.000,,,
1943-04-05,722.000,,,
1943-04-06,716.000,,,
1943-04-07,708.000,,,
1943-04-08,697.000,,,
1943-04-09,682.000,,,
1943-04-10,688.000,,,
1943-04-11,680.000,,,
1943-04-12,677.000,,,
1943-04-13,671.000,,,
1943-04-14,665.000,,,
1943-04-15,663.000,,,
1943-04-16,663.000,,,
1943-04-17,654.000,,,
1943-04-18,665.000,,,
1943-04-19,685.000,,,
1943-04-20,719.000,,,
1943-04-21,736.000,,,
1943-04-22,773.000,,,
1943-04-23,827.000,,,
1943-04-24,898.000,,,
1943-04-25,980.000,,,
1943-04-26,1130.000,,,
1943-04-27,1390.000,,,
1943-04-28,1600.000,,,
1943-04-29,2020.000,,,
1943-04-30,2040.000,,,
1943-05-01,2550.000,,,
1943-05-02,2720.000,,,
1943-05-03,2800.000,,,
1943-05-04,2940.000,,,
1943-05-05,3030.000,,,
1943-05-06,3090.000,,,
1943-05-07,3260.000,,,
1943-05-08,3480.000,,,
1943-05-09,3820.000,,,
1943-05-10,3990.000,,,
1943-05-11,4020.000,,,
1943-05-12,3940.000,,,
1943-05-13,3820.000,,,
1943-05-14,3680.000,,,
1943-05-15,3450.000,,,
1943-05-16,3140.000,,,
1943-05-17,2940.000,,,
1943-05-18,2740.000,,,
1943-05-19,2400.000,,,
1943-05-20,2270.000,,,
1943-05-21,2120.000,,,
1943-05-22,1930.000,,,
1943-05-23,1790.000,,,
1943-05-24,1690.000,,,
1943-05-25,1570.000,,,
1943-05-26,1520.000,,,
1943-05-27,1500.000,,,
1943-05-28,1500.000,,,
1943-05-29,1600.000,,,
1943-05-30,1710.000,,,
1943-05-31,1850.000,,,
1943-06-01,1900.000,,,
1943-06-02,1920.000,,,
1943-06-03,1920.000,,,
1943-06-04,1910.000,,,
1943-06-05,1890.000,,,
1943-06-06,1830.000,,,
1943-06-07,1760.000,,,
1943-06-08,1740.000,,,
1943-06-09,1760.000,,,
1943-06-10,1790.000,,,
1943-06-11,1870.000,,,
1943-06-12,1910.000,,,
1943-06-13,1950.000,,,
1943-06-14,1970.000,,,
1943-06-15,2030.000,,,
1943-06-16,2130.000,,,
1943-06-17,2240.000,,,
1943-06-18,2380.000,,,
1943-06-19,2380.000,,,
1943-06-20,2450.000,,,
1943-06-21,2450.000,,,
1943-06-22,2420.000,,,
1943-06-23,2350.000,,,
1943-06-24,2280.000,,,
1943-06-25,2210.000,,,
1943-06-26,2130.000,,,
1943-06-27,1990.000,,,
1943-06-28,1890.000,,,
1943-06-29,1790.000,,,
1943-06-30,1690.000,,,
1943-07-01,1640.000,,,
1943-07-02,1620.000,,,
1943-07-03,1610.000,,,
1943-07-04,1570.000,,,
1943-07-05,1630.000,,,
1943-07-06,1630.000,,,
1943-07-07,1600.000,,,
1943-07-08,1570.000,,,
1943-07-09,1510.000,,,
1943-07-10,1420.000,,,
1943-07-11,1250.000,,,
1943-07-12,1210.000,,,
1943-07-13,1140.000,,,
1943-07-14,1120.000,,,
1943-07-15,1050.000,,,
1943-07-16,977.000,,,
1943-07-17,889.000,,,
1943-07-18,762.000,,,
1943-07-19,762.000,,,
1943-07-20,708.000,,,
1943-07-21,677.000,,,
1943-07-22,663.000,,,
1943-07-23,629.000,,,
1943-07-24,623.000,,,
1943-07-25,663.000,,,
1943-07-26,674.000,,,
1943-07-27,711.000,,,
1943-07-28,765.000,,,
1943-07-29,790.000,,,
1943-07-30,784.000,,,
1943-07-31,776.000,,,
1943-08-01,733.000,,,
1943-08-02,722.000,,,
1943-08-03,716.000,,,
1943-08-04,699.000,,,
1943-08-05,702.000,,,
1943-08-06,705.000,,,
1943-08-07,688.000,,,
1943-08-08,629.000,,,
1943-08-09,660.000,,,
1943-08-10,648.000,,,
1943-08-11,634.000,,,
1943-08-12,626.000,,,
1943-08-13,623.000,,,
1943-08-14,592.000,,,
1943-08-15,623.000,,,
1943-08-16,626.000,,,
1943-08-17,626.000,,,
1943-08-18,629.000,,,
1943-08-19,629.000,,,
1943-08-20,626.000,,,
1943-08-21,583.000,,,
1943-08-22,620.000,,,
1943-08-23,629.000,,,
1943-08-24,626.000,,,
1943-08-25,626.000,,,
1943-08-26,629.000,,,
1943-08-27,648.000,,,
1943-08-28,657.000,,,
1943-08-29,657.000,,,
1943-08-30,617.000,,,
1943-08-31,646.000,,,
1943-09-01,651.000,,,
1943-09-02,640.000,,,
1943-09-03,643.000,,,
1943-09-04,609.000,,,
1943-09-05,620.000,,,
1943-09-06,648.000,,,
1943-09-07,663.000,,,
1943-09-08,688.000,,,
1943-09-09,728.000,,,
1943-09-10,753.000,,,
1943-09-11,756.000,,,
1943-09-12,714.000,,,
1943-09-13,762.000,,,
1943-09-14,784.000,,,
1943-09-15,807.000,,,
1943-09-16,807.000,,,
1943-09-17,818.000,,,
1943-09-18,830.000,,,
1943-09-19,855.000,,,
1943-09-20,991.000,,,
1943-09-21,1040.000,,,
1943-09-22,1050.000,,,
1943-09-23,1030.000,,,
1943-09-24,983.000,,,
1943-09-25,900.000,,,
1943-09-26,835.000,,,
1943-09-27,796.000,,,
1943-09-28,770.000,,,
1943-09-29,753.000,,,
1943-09-30,725.000,,,
1943-10-01,705.000,,,
1943-10-02,702.000,,,
1943-10-03,677.000,,,
1943-10-04,694.000,,,
1943-10-05,694.000,,,
1943-10-06,674.000,,,
1943-10-07,665.000,,,
1943-10-08,663.000,,,
1943-10-09,663.000,,,
1943-10-10,648.000,,,
1943-10-11,646.000,,,
1943-10-12,637.000,,,
1943-10-13,640.000,,,
1943-10-14,629.000,,,
1943-10-15,631.000,,,
1943-10-16,626.000,,,
1943-10-17,606.000,,,
1943-10-18,668.000,,,
1943-10-19,663.000,,,
1943-10-20,688.000,,,
1943-10-21,714.000,,,
1943-10-22,714.000,,,
1943-10-23,716.000,,,
1943-10-24,714.000,,,
1943-10-25,705.000,,,
1943-10-26,685.000,,,
1943-10-27,682.000,,,
1943-10-28,677.000,,,
1943-10-29,694.000,,,
1943-10-30,711.000,,,
1943-10-31,711.000,,,
1943-11-01,714.000,,,
1943-11-02,722.000,,,
1943-11-03,728.000,,,
1943-11-04,728.000,,,
1943-11-05,728.000,,,
1943-11-06,722.000,,,
1943-11-07,722.000,,,
1943-11-08,733.000,,,
1943-11-09,753.000,,,
1943-11-10,770.000,,,
1943-11-11,818.000,,,
1943-11-12,869.000,,,
1943-11-13,892.000,,,
1943-11-14,821.000,,,
1943-11-15,881.000,,,
1943-11-16,872.000,,,
1943-11-17,830.000,,,
1943-11-18,816.000,,,
1943-11-19,801.000,,,
1943-11-20,767.000,,,
1943-11-21,733.000,,,
1943-11-22,728.000,,,
1943-11-23,705.000,,,
1943-11-24,674.000,,,
1943-11-25,660.000,,,
1943-11-26,634.000,,,
1943-11-27,614.000,,,
1943-11-28,603.000,,,
1943-11-29,600.000,,,
1943-11-30,575.000,,,
1943-12-01,572.000,,,
1943-12-02,586.000,,,
1943-12-03,600.000,,,
1943-12-04,603.000,,,
1943-12-05,575.000,,,
1943-12-06,617.000,,,
1943-12-07,603.000,,,
1943-12-08,603.000,,,
1943-12-09,617.000,,,
1943-12-10,640.000,,,
1943-12-11,564.000,,,
1943-12-12,646.000,,,
1943-12-13,646.000,,,
1943-12-14,646.000,,,
1943-12-15,646.000,,,
1943-12-16,646.000,,,
1943-12-17,646.000,,,
1943-12-18,646.000,,,
1943-12-19,646.000,,,
1943-12-20,646.000,,,
1943-12-21,646.000,,,
1943-12-22,646.000,,,
1943-12-23,646.000,,,
1943-12-24,646.000,,,
1943-12-25,646.000,,,
1943-12-26,646.000,,,
1943-12-27,646.000,,,
1943-12-28,646.000,,,
1943-12-29,646.000,,,
1943-12-30,646.000,,,
1943-12-31,646.000,,,
1944-01-01,592.000,,,
1944-01-02,592.000,,,
1944-01-03,592.000,,,
1944-01-04,592.000,,,
1944-01-05,592.000,,,
1944-01-06,592.000,,,
1944-01-07,592.000,,,
1944-01-08,592.000,,,
1944-01-09,592.000,,,
1944-01-10,592.000,,,
1944-01-11,592.000,,,
1944-01-12,592.000,,,
1944-01-13,592.000,,,
1944-01-14,592.000,,,
1944-01-15,592.000,,,
1944-01-16,592.000,,,
1944-01-17,592.000,,,
1944-01-18,592.000,,,
1944-01-19,592.000,,,
1944-01-20,592.000,,,
1944-01-21,592.000,,,
1944-01-22,592.000,,,
1944-01-23,592.000,,,
1944-01-24,592.000,,,
1944-01-25,592.000,,,
1944-01-26,592.000,,,
1944-01-27,592.000,,,
1944-01-28,592.000,,,
1944-01-29,592.000,,,
1944-01-30,592.000,,,
1944-01-31,592.000,,,
1944-02-01,532.000,,,
1944-02-02,532.000,,,
1944-02-03,532.000,,,
1944-02-04,532.000,,,
1944-02-05,532.000,,,
1944-02-06,532.000,,,
1944-02-07,532.000,,,
1944-02-08,532.000,,,
1944-02-09,532.000,,,
1944-02-10,532.000,,,
1944-02-11,532.000,,,
1944-02-12,532.000,,,
1944-02-13,532.000,,,
1944-02-14,532.000,,,
1944-02-15,532.000,,,
1944-02-16,532.000,,,
1944-02-17,532.000,,,
1944-02-18,532.000,,,
1944-02-19,532.000,,,
1944-02-20,532.000,,,
1944-02-21,532.000,,,
1944-02-22,532.000,,,
1944-02-23,532.000,,,
1944-02-24,532.000,,,
1944-02-25,532.000,,,
1944-02-26,532.000,,,
1944-02-27,532.000,,,
1944-02-28,532.000,,,
1944-02-29,532.000,,,
1944-03-01,629.000,,,
1944-03-02,629.000,,,
1944-03-03,629.000,,,
1944-03-04,629.000,,,
1944-03-05,629.000,,,
1944-03-06,629.000,,,
1944-03-07,629.000,,,
1944-03-08,629.000,,,
1944-03-09,629.000,,,
1944-03-10,629.000,,,
1944-03-11,629.000,,,
1944-03-12,629.000,,,
1944-03-13,629.000,,,
1944-03-14,629.000,,,
1944-03-15,629.000,,,
1944-03-16,629.000,,,
1944-03-17,629.000,,,
1944-03-18,629.000,,,
1944-03-19,629.000,,,
1944-03-20,589.000,,,
1944-03-21,569.000,,,
1944-03-22,558.000,,,
1944-03-23,541.000,,,
1944-03-24,535.000,,,
1944-03-25,530.000,,,
1944-03-26,552.000,,,
1944-03-27,552.000,,,
1944-03-28,541.000,,,
1944-03-29,524.000,,,
1944-03-30,507.000,,,
1944-03-31,501.000,,,
1944-04-01,510.000,,,
1944-04-02,498.000,,,
1944-04-03,476.000,,,
1944-04-04,490.000,,,
1944-04-05,476.000,,,
1944-04-06,493.000,,,
1944-04-07,493.000,,,
1944-04-08,473.000,,,
1944-04-09,493.000,,,
1944-04-10,524.000,,,
1944-04-11,530.000,,,
1944-04-12,527.000,,,
1944-04-13,530.000,,,
1944-04-14,530.000,,,
1944-04-15,541.000,,,
1944-04-16,547.000,,,
1944-04-17,561.000,,,
1944-04-18,564.000,,,
1944-04-19,578.000,,,
1944-04-20,597.000,,,
1944-04-21,620.000,,,
1944-04-22,654.000,,,
1944-04-23,711.000,,,
1944-04-24,753.000,,,
1944-04-25,765.000,,,
1944-04-26,787.000,,,
1944-04-27,903.000,,,
1944-04-28,966.000,,,
1944-04-29,1210.000,,,
1944-04-30,1610.000,,,
1944-05-01,1610.000,,,
1944-05-02,1600.000,,,
1944-05-03,1530.000,,,
1944-05-04,1480.000,,,
1944-05-05,1440.000,,,
1944-05-06,1490.000,,,
1944-05-07,1740.000,,,
1944-05-08,1990.000,,,
1944-05-09,2210.000,,,
1944-05-10,2320.000,,,
1944-05-11,2360.000,,,
1944-05-12,2320.000,,,
1944-05-13,2180.000,,,
1944-05-14,1920.000,,,
1944-05-15,1650.000,,,
1944-05-16,1420.000,,,
1944-05-17,1290.000,,,
1944-05-18,1250.000,,,
1944-05-19,1260.000,,,
1944-05-20,1350.000,,,
1944-05-21,1430.000,,,
1944-05-22,1470.000,,,
1944-05-23,1490.000,,,
1944-05-24,1460.000,,,
1944-05-25,1410.000,,,
1944-05-26,1290.000,,,
1944-05-27,1200.000,,,
1944-05-28,1220.000,,,
1944-05-29,1030.000,,,
1944-05-30,980.000,,,
1944-05-31,917.000,,,
1944-06-01,937.000,,,
1944-06-02,850.000,,,
1944-06-03,807.000,,,
1944-06-04,878.000,,,
1944-06-05,915.000,,,
1944-06-06,929.000,,,
1944-06-07,963.000,,,
1944-06-08,980.000,,,
1944-06-09,1020.000,,,
1944-06-10,1110.000,,,
1944-06-11,1140.000,,,
1944-06-12,1170.000,,,
1944-06-13,1140.000,,,
1944-06-14,1110.000,,,
1944-06-15,1080.000,,,
1944-06-16,1060.000,,,
1944-06-17,1040.000,,,
1944-06-18,988.000,,,
1944-06-19,957.000,,,
1944-06-20,850.000,,,
1944-06-21,807.000,,,
1944-06-22,801.000,,,
1944-06-23,787.000,,,
1944-06-24,782.000,,,
1944-06-25,779.000,,,
1944-06-26,779.000,,,
1944-06-27,770.000,,,
1944-06-28,767.000,,,
1944-06-29,770.000,,,
1944-06-30,773.000,,,
1944-07-01,753.000,,,
1944-07-02,668.000,,,
1944-07-03,765.000,,,
1944-07-04,762.000,,,
1944-07-05,767.000,,,
1944-07-06,753.000,,,
1944-07-07,742.000,,,
1944-07-08,697.000,,,
1944-07-09,665.000,,,
1944-07-10,654.000,,,
1944-07-11,637.000,,,
1944-07-12,629.000,,,
1944-07-13,640.000,,,
1944-07-14,657.000,,,
1944-07-15,657.000,,,
1944-07-16,646.000,,,
1944-07-17,634.000,,,
1944-07-18,631.000,,,
1944-07-19,634.000,,,
1944-07-20,606.000,,,
1944-07-21,620.000,,,
1944-07-22,617.000,,,
1944-07-23,612.000,,,
1944-07-24,614.000,,,
1944-07-25,592.000,,,
1944-07-26,620.000,,,
1944-07-27,623.000,,,
1944-07-28,592.000,,,
1944-07-29,617.000,,,
1944-07-30,631.000,,,
1944-07-31,626.000,,,
1944-08-01,629.000,,,
1944-08-02,603.000,,,
1944-08-03,597.000,,,
1944-08-04,597.000,,,
1944-08-05,620.000,,,
1944-08-06,620.000,,,
1944-08-07,612.000,,,
1944-08-08,600.000,,,
1944-08-09,549.000,,,
1944-08-10,569.000,,,
1944-08-11,566.000,,,
1944-08-12,566.000,,,
1944-08-13,580.000,,,
1944-08-14,586.000,,,
1944-08-15,484.000,,,
1944-08-16,524.000,,,
1944-08-17,524.000,,,
1944-08-18,586.000,,,
1944-08-19,535.000,,,
1944-08-20,564.000,,,
1944-08-21,507.000,,,
1944-08-22,518.000,,,
1944-08-23,583.000,,,
1944-08-24,566.000,,,
1944-08-25,544.000,,,
1944-08-26,552.000,,,
1944-08-27,561.000,,,
1944-08-28,552.000,,,
1944-08-29,555.000,,,
1944-08-30,544.000,,,
1944-08-31,541.000,,,
1944-09-01,544.000,,,
1944-09-02,541.000,,,
1944-09-03,532.000,,,
1944-09-04,541.000,,,
1944-09-05,538.000,,,
1944-09-06,541.000,,,
1944-09-07,547.000,,,
1944-09-08,552.000,,,
1944-09-09,552.000,,,
1944-09-10,547.000,,,
1944-09-11,515.000,,,
1944-09-12,507.000,,,
1944-09-13,515.000,,,
1944-09-14,524.000,,,
1944-09-15,527.000,,,
1944-09-16,521.000,,,
1944-09-17,530.000,,,
1944-09-18,521.000,,,
1944-09-19,518.000,,,
1944-09-20,513.000,,,
1944-09-21,524.000,,,
1944-09-22,530.000,,,
1944-09-23,612.000,,,
1944-09-24,583.000,,,
1944-09-25,575.000,,,
1944-09-26,561.000,,,
1944-09-27,566.000,,,
1944-09-28,569.000,,,
1944-09-29,595.000,,,
1944-09-30,609.000,,,
1944-10-01,527.000,,,
1944-10-02,555.000,,,
1944-10-03,558.000,,,
1944-10-04,535.000,,,
1944-10-05,496.000,,,
1944-10-06,476.000,,,
1944-10-07,459.000,,,
1944-10-08,470.000,,,
1944-10-09,484.000,,,
1944-10-10,507.000,,,
1944-10-11,538.000,,,
1944-10-12,555.000,,,
1944-10-13,578.000,,,
1944-10-14,595.000,,,
1944-10-15,597.000,,,
1944-10-16,606.000,,,
1944-10-17,592.000,,,
1944-10-18,592.000,,,
1944-10-19,575.000,,,
1944-10-20,578.000,,,
1944-10-21,575.000,,,
1944-10-22,569.000,,,
1944-10-23,586.000,,,
1944-10-24,578.000,,,
1944-10-25,558.000,,,
1944-10-26,552.000,,,
1944-10-27,552.000,,,
1944-10-28,555.000,,,
1944-10-29,547.000,,,
1944-10-30,549.000,,,
1944-10-31,544.000,,,
1944-11-01,544.000,,,
1944-11-02,547.000,,,
1944-11-03,544.000,,,
1944-11-04,535.000,,,
1944-11-05,541.000,,,
1944-11-06,552.000,,,
1944-11-07,544.000,,,
1944-11-08,544.000,,,
1944-11-09,535.000,,,
1944-11-10,538.000,,,
1944-11-11,541.000,,,
1944-11-12,547.000,,,
1944-11-13,541.000,,,
1944-11-14,549.000,,,
1944-11-15,558.000,,,
1944-11-16,555.000,,,
1944-11-17,566.000,,,
1944-11-18,575.000,,,
1944-11-19,547.000,,,
1944-11-20,561.000,,,
1944-11-21,569.000,,,
1944-11-22,578.000,,,
1944-11-23,572.000,,,
1944-11-24,566.000,,,
1944-11-25,564.000,,,
1944-11-26,555.000,,,
1944-11-27,544.000,,,
1944-11-28,547.000,,,
1944-11-29,544.000,,,
1944-11-30,555.000,,,
1944-12-01,561.000,,,
1944-12-02,558.000,,,
1944-12-03,552.000,,,
1944-12-04,532.000,,,
1944-12-05,544.000,,,
1944-12-06,552.000,,,
1944-12-07,566.000,,,
1944-12-08,578.000,,,
1944-12-09,595.000,,,
1944-12-10,592.000,,,
1944-12-11,617.000,,,
1944-12-12,609.000,,,
1944-12-13,597.000,,,
1944-12-14,583.000,,,
1944-12-15,575.000,,,
1944-12-16,586.000,,,
1944-12-17,586.000,,,
1944-12-18,586.000,,,
1944-12-19,586.000,,,
1944-12-20,586.000,,,
1944-12-21,586.000,,,
1944-12-22,586.000,,,
1944-12-23,586.000,,,
1944-12-24,586.000,,,
1944-12-25,586.000,,,
1944-12-26,586.000,,,
1944-12-27,586.000,,,
1944-12-28,586.000,,,
1944-12-29,586.000,,,
1944-12-30,586.000,,,
1944-12-31,586.000,,,
1945-01-01,538.000,,,
1945-01-02,538.000,,,
1945-01-03,538.000,,,
1945-01-04,538.000,,,
1945-01-05,538.000,,,
1945-01-06,538.000,,,
1945-01-07,538.000,,,
1945-01-08,538.000,,,
1945-01-09,538.000,,,
1945-01-10,538.000,,,
1945-01-11,538.000,,,
1945-01-12,538.000,,,
1945-01-13,538.000,,,
1945-01-14,538.000,,,
1945-01-15,538.000,,,
1945-01-16,538.000,,,
1945-01-17,538.000,,,
1945-01-18,538.000,,,
1945-01-19,538.000,,,
1945-01-20,538.000,,,
1945-01-21,538.000,,,
1945-01-22,538.000,,,
1945-01-23,538.000,,,
1945-01-24,538.000,,,
1945-01-25,538.000,,,
1945-01-26,538.000,,,
1945-01-27,538.000,,,
1945-01-28,538.000,,,
1945-01-29,538.000,,,
1945-01-30,538.000,,,
1945-01-31,538.000,,,
1945-02-01,464.000,,,
1945-02-02,464.000,,,
1945-02-03,464.000,,,
1945-02-04,464.000,,,
1945-02-05,464.000,,,
1945-02-06,464.000,,,
1945-02-07,464.000,,,
1945-02-08,464.000,,,
1945-02-09,464.000,,,
1945-02-10,464.000,,,
1945-02-11,464.000,,,
1945-02-12,464.000,,,
1945-02-13,464.000,,,
1945-02-14,464.000,,,
1945-02-15,464.000,,,
1945-02-16,464.000,,,
1945-02-17,464.000,,,
1945-02-18,464.000,,,
1945-02-19,464.000,,,
1945-02-20,464.000,,,
1945-02-21,464.000,,,
1945-02-22,464.000,,,
1945-02-23,464.000,,,
1945-02-24,464.000,,,
1945-02-25,464.000,,,
1945-02-26,464.000,,,
1945-02-27,464.000,,,
1945-02-28,464.000,,,
1945-03-01,473.000,,,
1945-03-02,473.000,,,
1945-03-03,473.000,,,
1945-03-04,473.000,,,
1945-03-05,473.000,,,
1945-03-06,473.000,,,
1945-03-07,473.000,,,
1945-03-08,473.000,,,
1945-03-09,473.000,,,
1945-03-10,473.000,,,
1945-03-11,473.000,,,
1945-03-12,473.000,,,
1945-03-13,473.000,,,
1945-03-14,473.000,,,
1945-03-15,473.000,,,
1945-03-16,524.000,,,
1945-03-17,530.000,,,
1945-03-18,564.000,,,
1945-03-19,612.000,,,
1945-03-20,702.000,,,
1945-03-21,714.000,,,
1945-03-22,762.000,,,
1945-03-23,801.000,,,
1945-03-24,889.000,,,
1945-03-25,1010.000,,,
1945-03-26,1220.000,,,
1945-03-27,1250.000,,,
1945-03-28,1430.000,,,
1945-03-29,1700.000,,,
1945-03-30,1900.000,,,
1945-03-31,2270.000,,,
1945-04-01,2350.000,,,
1945-04-02,2420.000,,,
1945-04-03,2480.000,,,
1945-04-04,2450.000,,,
1945-04-05,2400.000,,,
1945-04-06,2340.000,,,
1945-04-07,2220.000,,,
1945-04-08,2070.000,,,
1945-04-09,1920.000,,,
1945-04-10,1760.000,,,
1945-04-11,1620.000,,,
1945-04-12,1520.000,,,
1945-04-13,1380.000,,,
1945-04-14,1330.000,,,
1945-04-15,1100.000,,,
1945-04-16,1050.000,,,
1945-04-17,929.000,,,
1945-04-18,960.000,,,
1945-04-19,977.000,,,
1945-04-20,980.000,,,
1945-04-21,988.000,,,
1945-04-22,1050.000,,,
1945-04-23,1150.000,,,
1945-04-24,1260.000,,,
1945-04-25,1320.000,,,
1945-04-26,1350.000,,,
1945-04-27,1330.000,,,
1945-04-28,1380.000,,,
1945-04-29,1440.000,,,
1945-04-30,1500.000,,,
1945-05-01,1520.000,,,
1945-05-02,1540.000,,,
1945-05-03,1570.000,,,
1945-05-04,1660.000,,,
1945-05-05,1730.000,,,
1945-05-06,1790.000,,,
1945-05-07,1890.000,,,
1945-05-08,1900.000,,,
1945-05-09,1910.000,,,
1945-05-10,1900.000,,,
1945-05-11,1840.000,,,
1945-05-12,1800.000,,,
1945-05-13,1780.000,,,
1945-05-14,1740.000,,,
1945-05-15,1680.000,,,
1945-05-16,1670.000,,,
1945-05-17,1650.000,,,
1945-05-18,1630.000,,,
1945-05-19,1650.000,,,
1945-05-20,1640.000,,,
1945-05-21,1600.000,,,
1945-05-22,1520.000,,,
1945-05-23,1480.000,,,
1945-05-24,1450.000,,,
1945-05-25,1430.000,,,
1945-05-26,1390.000,,,
1945-05-27,1030.000,,,
1945-05-28,1010.000,,,
1945-05-29,1010.000,,,
1945-05-30,1100.000,,,
1945-05-31,1360.000,,,
1945-06-01,1620.000,,,
1945-06-02,2160.000,,,
1945-06-03,2650.000,,,
1945-06-04,2860.000,,,
1945-06-05,3000.000,,,
1945-06-06,3060.000,,,
1945-06-07,3030.000,,,
1945-06-08,3000.000,,,
1945-06-09,2940.000,,,
1945-06-10,2760.000,,,
1945-06-11,2690.000,,,
1945-06-12,2510.000,,,
1945-06-13,2390.000,,,
1945-06-14,2180.000,,,
1945-06-15,1990.000,,,
1945-06-16,1780.000,,,
1945-06-17,1560.000,,,
1945-06-18,1430.000,,,
1945-06-19,1350.000,,,
1945-06-20,1280.000,,,
1945-06-21,1260.000,,,
1945-06-22,1220.000,,,
1945-06-23,1220.000,,,
1945-06-24,1190.000,,,
1945-06-25,1140.000,,,
1945-06-26,1110.000,,,
1945-06-27,1100.000,,,
1945-06-28,1060.000,,,
1945-06-29,1040.000,,,
1945-06-30,929.000,,,
1945-07-01,821.000,,,
1945-07-02,821.000,,,
1945-07-03,793.000,,,
1945-07-04,733.000,,,
1945-07-05,702.000,,,
1945-07-06,688.000,,,
1945-07-07,671.000,,,
1945-07-08,660.000,,,
1945-07-09,651.000,,,
1945-07-10,634.000,,,
1945-07-11,631.000,,,
1945-07-12,648.000,,,
1945-07-13,660.000,,,
1945-07-14,648.000,,,
1945-07-15,654.000,,,
1945-07-16,648.000,,,
1945-07-17,640.000,,,
1945-07-18,640.000,,,
1945-07-19,629.000,,,
1945-07-20,648.000,,,
1945-07-21,648.000,,,
1945-07-22,643.000,,,
1945-07-23,643.000,,,
1945-07-24,648.000,,,
1945-07-25,654.000,,,
1945-07-26,651.000,,,
1945-07-27,648.000,,,
1945-07-28,629.000,,,
1945-07-29,620.000,,,
1945-07-30,600.000,,,
1945-07-31,592.000,,,
1945-08-01,575.000,,,
1945-08-02,547.000,,,
1945-08-03,527.000,,,
1945-08-04,515.000,,,
1945-08-05,501.000,,,
1945-08-06,501.000,,,
1945-08-07,498.000,,,
1945-08-08,507.000,,,
1945-08-09,513.000,,,
1945-08-10,513.000,,,
1945-08-11,510.000,,,
1945-08-12,510.000,,,
1945-08-13,473.000,,,
1945-08-14,484.000,,,
1945-08-15,501.000,,,
1945-08-16,521.000,,,
1945-08-17,524.000,,,
1945-08-18,518.000,,,
1945-08-19,518.000,,,
1945-08-20,498.000,,,
1945-08-21,507.000,,,
1945-08-22,524.000,,,
1945-08-23,510.000,,,
1945-08-24,510.000,,,
1945-08-25,507.000,,,
1945-08-26,513.000,,,
1945-08-27,518.000,,,
1945-08-28,527.000,,,
1945-08-29,527.000,,,
1945-08-30,535.000,,,
1945-08-31,527.000,,,
1945-09-01,527.000,,,
1945-09-02,513.000,,,
1945-09-03,538.000,,,
1945-09-04,532.000,,,
1945-09-05,518.000,,,
1945-09-06,484.000,,,
1945-09-07,447.000,,,
1945-09-08,462.000,,,
1945-09-09,459.000,,,
1945-09-10,504.000,,,
1945-09-11,507.000,,,
1945-09-12,496.000,,,
1945-09-13,422.000,,,
1945-09-14,538.000,,,
1945-09-15,515.000,,,
1945-09-16,490.000,,,
1945-09-17,481.000,,,
1945-09-18,504.000,,,
1945-09-19,513.000,,,
1945-09-20,521.000,,,
1945-09-21,527.000,,,
1945-09-22,535.000,,,
1945-09-23,473.000,,,
1945-09-24,453.000,,,
1945-09-25,481.000,,,
1945-09-26,527.000,,,
1945-09-27,549.000,,,
1945-09-28,547.000,,,
1945-09-29,467.000,,,
1945-09-30,541.000,,,
1945-10-01,481.000,,,
1945-10-02,521.000,,,
1945-10-03,569.000,,,
1945-10-04,569.000,,,
1945-10-05,561.000,,,
1945-10-06,549.000,,,
1945-10-07,552.000,,,
1945-10-08,561.000,,,
1945-10-09,566.000,,,
1945-10-10,575.000,,,
1945-10-11,501.000,,,
1945-10-12,538.000,,,
1945-10-13,575.000,,,
1945-10-14,586.000,,,
1945-10-15,592.000,,,
1945-10-16,600.000,,,
1945-10-17,600.000,,,
1945-10-18,569.000,,,
1945-10-19,603.000,,,
1945-10-20,595.000,,,
1945-10-21,606.000,,,
1945-10-22,609.000,,,
1945-10-23,597.000,,,
1945-10-24,617.000,,,
1945-10-25,620.000,,,
1945-10-26,595.000,,,
1945-10-27,617.000,,,
1945-10-28,612.000,,,
1945-10-29,637.000,,,
1945-10-30,668.000,,,
1945-10-31,654.000,,,
1945-11-01,660.000,,,
1945-11-02,657.000,,,
1945-11-03,646.000,,,
1945-11-04,603.000,,,
1945-11-05,646.000,,,
1945-11-06,629.000,,,
1945-11-07,634.000,,,
1945-11-08,654.000,,,
1945-11-09,648.000,,,
1945-11-10,643.000,,,
1945-11-11,643.000,,,
1945-11-12,637.000,,,
1945-11-13,643.000,,,
1945-11-14,654.000,,,
1945-11-15,634.000,,,
1945-11-16,629.000,,,
1945-11-17,626.000,,,
1945-11-18,626.000,,,
1945-11-19,631.000,,,
1945-11-20,651.000,,,
1945-11-21,663.000,,,
1945-11-22,651.000,,,
1945-11-23,674.000,,,
1945-11-24,674.000,,,
1945-11-25,682.000,,,
1945-11-26,663.000,,,
1945-11-27,646.000,,,
1945-11-28,668.000,,,
1945-11-29,665.000,,,
1945-11-30,663.000,,,
1945-12-01,654.000,,,
1945-12-02,640.000,,,
1945-12-03,631.000,,,
1945-12-04,646.000,,,
1945-12-05,626.000,,,
1945-12-06,612.000,,,
1945-12-07,626.000,,,
1945-12-08,629.000,,,
1945-12-09,626.000,,,
1945-12-10,544.000,,,
1945-12-11,544.000,,,
1945-12-12,544.000,,,
1945-12-13,544.000,,,
1945-12-14,544.000,,,
1945-12-15,544.000,,,
1945-12-16,544.000,,,
1945-12-17,544.000,,,
1945-12-18,544.000,,,
1945-12-19,544.000,,,
1945-12-20,544.000,,,
1945-12-21,544.000,,,
1945-12-22,544.000,,,
1945-12-23,544.000,,,
1945-12-24,544.000,,,
1945-12-25,544.000,,,
1945-12-26,544.000,,,
1945-12-27,544.000,,,
1945-12-28,544.000,,,
1945-12-29,544.000,,,
1945-12-30,544.000,,,
1945-12-31,544.000,,,
1946-01-01,702.000,,,
1946-01-02,702.000,,,
1946-01-03,702.000,,,
1946-01-04,702.000,,,
1946-01-05,702.000,,,
1946-01-06,702.000,,,
1946-01-07,702.000,,,
1946-01-08,702.000,,,
1946-01-09,702.000,,,
1946-01-10,702.000,,,
1946-01-11,702.000,,,
1946-01-12,702.000,,,
1946-01-13,702.000,,,
1946-01-14,702.000,,,
1946-01-15,702.000,,,
1946-01-16,702.000,,,
1946-01-17,702.000,,,
1946-01-18,702.000,,,
1946-01-19,702.000,,,
1946-01-20,702.000,,,
1946-01-21,702.000,,,
1946-01-22,702.000,,,
1946-01-23,702.000,,,
1946-01-24,702.000,,,
1946-01-25,702.000,,,
1946-01-26,702.000,,,
1946-01-27,702.000,,,
1946-01-28,702.000,,,
1946-01-29,702.000,,,
1946-01-30,702.000,,,
1946-01-31,702.000,,,
1946-02-01,731.000,,,
1946-02-02,731.000,,,
1946-02-03,731.000,,,
1946-02-04,731.000,,,
1946-02-05,731.000,,,
1946-02-06,731.000,,,
1946-02-07,731.000,,,
1946-02-08,731.000,,,
1946-02-09,731.000,,,
1946-02-10,731.000,,,
1946-02-11,731.000,,,
1946-02-12,731.000,,,
1946-02-13,731.000,,,
1946-02-14,731.000,,,
1946-02-15,731.000,,,
1946-02-16,731.000,,,
1946-02-17,731.000,,,
1946-02-18,731.000,,,
1946-02-19,731.000,,,
1946-02-20,731.000,,,
1946-02-21,731.000,,,
1946-02-22,731.000,,,
1946-02-23,731.000,,,
1946-02-24,731.000,,,
1946-02-25,731.000,,,
1946-02-26,731.000,,,
1946-02-27,731.000,,,
1946-02-28,731.000,,,
1946-03-01,742.000,,,
1946-03-02,742.000,,,
1946-03-03,742.000,,,
1946-03-04,742.000,,,
1946-03-05,742.000,,,
1946-03-06,742.000,,,
1946-03-07,742.000,,,
1946-03-08,742.000,,,
1946-03-09,742.000,,,
1946-03-10,742.000,,,
1946-03-11,742.000,,,
1946-03-12,742.000,,,
1946-03-13,748.000,,,
1946-03-14,790.000,,,
1946-03-15,858.000,,,
1946-03-16,850.000,,,
1946-03-17,844.000,,,
1946-03-18,898.000,,,
1946-03-19,932.000,,,
1946-03-20,977.000,,,
1946-03-21,1020.000,,,
1946-03-22,1100.000,,,
1946-03-23,1160.000,,,
1946-03-24,1170.000,,,
1946-03-25,1230.000,,,
1946-03-26,1250.000,,,
1946-03-27,1360.000,,,
1946-03-28,1380.000,,,
1946-03-29,1510.000,,,
1946-03-30,1650.000,,,
1946-03-31,1810.000,,,
1946-04-01,1940.000,,,
1946-04-02,1950.000,,,
1946-04-03,1970.000,,,
1946-04-04,1910.000,,,
1946-04-05,1870.000,,,
1946-04-06,1800.000,,,
1946-04-07,1760.000,,,
1946-04-08,1650.000,,,
1946-04-09,1580.000,,,
1946-04-10,1550.000,,,
1946-04-11,1510.000,,,
1946-04-12,1460.000,,,
1946-04-13,1430.000,,,
1946-04-14,1390.000,,,
1946-04-15,1350.000,,,
1946-04-16,1340.000,,,
1946-04-17,1330.000,,,
1946-04-18,1320.000,,,
1946-04-19,1300.000,,,
1946-04-20,1300.000,,,
1946-04-21,1290.000,,,
1946-04-22,1260.000,,,
1946-04-23,1210.000,,,
1946-04-24,1180.000,,,
1946-04-25,1120.000,,,
1946-04-26,1090.000,,,
1946-04-27,1060.000,,,
1946-04-28,881.000,,,
1946-04-29,869.000,,,
1946-04-30,850.000,,,
1946-05-01,821.000,,,
1946-05-02,807.000,,,
1946-05-03,799.000,,,
1946-05-04,773.000,,,
1946-05-05,767.000,,,
1946-05-06,767.000,,,
1946-05-07,767.000,,,
1946-05-08,750.000,,,
1946-05-09,748.000,,,
1946-05-10,748.000,,,
1946-05-11,770.000,,,
1946-05-12,821.000,,,
1946-05-13,883.000,,,
1946-05-14,915.000,,,
1946-05-15,951.000,,,
1946-05-16,1000.000,,,
1946-05-17,1060.000,,,
1946-05-18,1100.000,,,
1946-05-19,1150.000,,,
1946-05-20,1130.000,,,
1946-05-21,1190.000,,,
1946-05-22,1310.000,,,
1946-05-23,1400.000,,,
1946-05-24,1560.000,,,
1946-05-25,1720.000,,,
1946-05-26,1840.000,,,
1946-05-27,1880.000,,,
1946-05-28,1960.000,,,
1946-05-29,2040.000,,,
1946-05-30,2110.000,,,
1946-05-31,2140.000,,,
1946-06-01,2190.000,,,
1946-06-02,2220.000,,,
1946-06-03,2210.000,,,
1946-06-04,2190.000,,,
1946-06-05,2100.000,,,
1946-06-06,1940.000,,,
1946-06-07,1840.000,,,
1946-06-08,1700.000,,,
1946-06-09,1480.000,,,
1946-06-10,1280.000,,,
1946-06-11,1140.000,,,
1946-06-12,1130.000,,,
1946-06-13,1140.000,,,
1946-06-14,1160.000,,,
1946-06-15,1240.000,,,
1946-06-16,1330.000,,,
1946-06-17,1370.000,,,
1946-06-18,1420.000,,,
1946-06-19,1400.000,,,
1946-06-20,1230.000,,,
1946-06-21,1170.000,,,
1946-06-22,1130.000,,,
1946-06-23,1030.000,,,
1946-06-24,971.000,,,
1946-06-25,929.000,,,
1946-06-26,917.000,,,
1946-06-27,917.000,,,
1946-06-28,926.000,,,
1946-06-29,909.000,,,
1946-06-30,889.000,,,
1946-07-01,866.000,,,
1946-07-02,844.000,,,
1946-07-03,821.000,,,
1946-07-04,804.000,,,
1946-07-05,787.000,,,
1946-07-06,742.000,,,
1946-07-07,725.000,,,
1946-07-08,767.000,,,
1946-07-09,773.000,,,
1946-07-10,784.000,,,
1946-07-11,799.000,,,
1946-07-12,787.000,,,
1946-07-13,782.000,,,
1946-07-14,765.000,,,
1946-07-15,731.000,,,
1946-07-16,722.000,,,
1946-07-17,677.000,,,
1946-07-18,634.000,,,
1946-07-19,578.000,,,
1946-07-20,603.000,,,
1946-07-21,612.000,,,
1946-07-22,566.000,,,
1946-07-23,595.000,,,
1946-07-24,603.000,,,
1946-07-25,612.000,,,
1946-07-26,612.000,,,
1946-07-27,612.000,,,
1946-07-28,609.000,,,
1946-07-29,595.000,,,
1946-07-30,600.000,,,
1946-07-31,600.000,,,
1946-08-01,586.000,,,
1946-08-02,580.000,,,
1946-08-03,561.000,,,
1946-08-04,572.000,,,
1946-08-05,572.000,,,
1946-08-06,597.000,,,
1946-08-07,595.000,,,
1946-08-08,600.000,,,
1946-08-09,606.000,,,
1946-08-10,597.000,,,
1946-08-11,595.000,,,
1946-08-12,583.000,,,
1946-08-13,575.000,,,
1946-08-14,575.000,,,
1946-08-15,566.000,,,
1946-08-16,547.000,,,
1946-08-17,532.000,,,
1946-08-18,521.000,,,
1946-08-19,597.000,,,
1946-08-20,600.000,,,
1946-08-21,589.000,,,
1946-08-22,592.000,,,
1946-08-23,600.000,,,
1946-08-24,595.000,,,
1946-08-25,606.000,,,
1946-08-26,620.000,,,
1946-08-27,612.000,,,
1946-08-28,606.000,,,
1946-08-29,606.000,,,
1946-08-30,592.000,,,
1946-08-31,589.000,,,
1946-09-01,583.000,,,
1946-09-02,597.000,,,
1946-09-03,595.000,,,
1946-09-04,589.000,,,
1946-09-05,580.000,,,
1946-09-06,575.000,,,
1946-09-07,569.000,,,
1946-09-08,597.000,,,
1946-09-09,589.000,,,
1946-09-10,578.000,,,
1946-09-11,569.000,,,
1946-09-12,564.000,,,
1946-09-13,558.000,,,
1946-09-14,561.000,,,
1946-09-15,561.000,,,
1946-09-16,544.000,,,
1946-09-17,544.000,,,
1946-09-18,541.000,,,
1946-09-19,538.000,,,
1946-09-20,535.000,,,
1946-09-21,476.000,,,
1946-09-22,510.000,,,
1946-09-23,524.000,,,
1946-09-24,535.000,,,
1946-09-25,532.000,,,
1946-09-26,535.000,,,
1946-09-27,535.000,,,
1946-09-28,532.000,,,
1946-09-29,527.000,,,
1946-09-30,541.000,,,
1946-10-01,541.000,,,
1946-10-02,535.000,,,
1946-10-03,530.000,,,
1946-10-04,501.000,,,
1946-10-05,425.000,,,
1946-10-06,541.000,,,
1946-10-07,524.000,,,
1946-10-08,515.000,,,
1946-10-09,433.000,,,
1946-10-10,544.000,,,
1946-10-11,524.000,,,
1946-10-12,535.000,,,
1946-10-13,552.000,,,
1946-10-14,575.000,,,
1946-10-15,578.000,,,
1946-10-16,586.000,,,
1946-10-17,597.000,,,
1946-10-18,603.000,,,
1946-10-19,609.000,,,
1946-10-20,614.000,,,
1946-10-21,620.000,,,
1946-10-22,600.000,,,
1946-10-23,595.000,,,
1946-10-24,583.000,,,
1946-10-25,575.000,,,
1946-10-26,578.000,,,
1946-10-27,583.000,,,
1946-10-28,583.000,,,
1946-10-29,580.000,,,
1946-10-30,600.000,,,
1946-10-31,606.000,,,
1946-11-01,617.000,,,
1946-11-02,629.000,,,
1946-11-03,634.000,,,
1946-11-04,643.000,,,
1946-11-05,651.000,,,
1946-11-06,654.000,,,
1946-11-07,648.000,,,
1946-11-08,634.000,,,
1946-11-09,629.000,,,
1946-11-10,629.000,,,
1946-11-11,631.000,,,
1946-11-12,637.000,,,
1946-11-13,648.000,,,
1946-11-14,660.000,,,
1946-11-15,677.000,,,
1946-11-16,688.000,,,
1946-11-17,694.000,,,
1946-11-18,688.000,,,
1946-11-19,682.000,,,
1946-11-20,671.000,,,
1946-11-21,663.000,,,
1946-11-22,648.000,,,
1946-11-23,640.000,,,
1946-11-24,646.000,,,
1946-11-25,629.000,,,
1946-11-26,620.000,,,
1946-11-27,614.000,,,
1946-11-28,612.000,,,
1946-11-29,612.000,,,
1946-11-30,580.000,,,
1946-12-01,569.000,,,
1946-12-02,552.000,,,
1946-12-03,561.000,,,
1946-12-04,558.000,,,
1946-12-05,564.000,,,
1946-12-06,558.000,,,
1946-12-07,558.000,,,
1946-12-08,558.000,,,
1946-12-09,566.000,,,
1946-12-10,580.000,,,
1946-12-11,609.000,,,
1946-12-12,631.000,,,
1946-12-13,657.000,,,
1946-12-14,685.000,,,
1946-12-15,660.000,,,
1946-12-16,663.000,,,
1946-12-17,745.000,,,
1946-12-18,847.000,,,
1946-12-19,869.000,,,
1946-12-20,869.000,,,
1946-12-21,861.000,,,
1946-12-22,850.000,,,
1946-12-23,827.000,,,
1946-12-24,810.000,,,
1946-12-25,793.000,,,
1946-12-26,776.000,,,
1946-12-27,807.000,,,
1946-12-28,833.000,,,
1946-12-29,850.000,,,
1946-12-30,875.000,,,
1946-12-31,1040.000,,,
1947-01-01,878.000,,,
1947-01-02,878.000,,,
1947-01-03,878.000,,,
1947-01-04,878.000,,,
1947-01-05,878.000,,,
1947-01-06,878.000,,,
1947-01-07,878.000,,,
1947-01-08,878.000,,,
1947-01-09,878.000,,,
1947-01-10,878.000,,,
1947-01-11,878.000,,,
1947-01-12,878.000,,,
1947-01-13,878.000,,,
1947-01-14,878.000,,,
1947-01-15,878.000,,,
1947-01-16,878.000,,,
1947-01-17,878.000,,,
1947-01-18,878.000,,,
1947-01-19,878.000,,,
1947-01-20,878.000,,,
1947-01-21,878.000,,,
1947-01-22,878.000,,,
1947-01-23,878.000,,,
1947-01-24,878.000,,,
1947-01-25,878.000,,,
1947-01-26,878.000,,,
1947-01-27,878.000,,,
1947-01-28,878.000,,,
1947-01-29,878.000,,,
1947-01-30,878.000,,,
1947-01-31,878.000,,,
1947-02-01,841.000,,,
1947-02-02,841.000,,,
1947-02-03,841.000,,,
1947-02-04,841.000,,,
1947-02-05,841.000,,,
1947-02-06,841.000,,,
1947-02-07,841.000,,,
1947-02-08,841.000,,,
1947-02-09,841.000,,,
1947-02-10,841.000,,,
1947-02-11,841.000,,,
1947-02-12,841.000,,,
1947-02-13,841.000,,,
1947-02-14,841.000,,,
1947-02-15,841.000,,,
1947-02-16,841.000,,,
1947-02-17,841.000,,,
1947-02-18,841.000,,,
1947-02-19,841.000,,,
1947-02-20,841.000,,,
1947-02-21,841.000,,,
1947-02-22,841.000,,,
1947-02-23,841.000,,,
1947-02-24,841.000,,,
1947-02-25,841.000,,,
1947-02-26,841.000,,,
1947-02-27,841.000,,,
1947-02-28,841.000,,,
1947-03-01,875.000,,,
1947-03-02,866.000,,,
1947-03-03,850.000,,,
1947-03-04,841.000,,,
1947-03-05,833.000,,,
1947-03-06,821.000,,,
1947-03-07,810.000,,,
1947-03-08,799.000,,,
1947-03-09,770.000,,,
1947-03-10,753.000,,,
1947-03-11,745.000,,,
1947-03-12,733.000,,,
1947-03-13,728.000,,,
1947-03-14,719.000,,,
1947-03-15,711.000,,,
1947-03-16,702.000,,,
1947-03-17,694.000,,,
1947-03-18,685.000,,,
1947-03-19,677.000,,,
1947-03-20,668.000,,,
1947-03-21,663.000,,,
1947-03-22,654.000,,,
1947-03-23,648.000,,,
1947-03-24,654.000,,,
1947-03-25,663.000,,,
1947-03-26,671.000,,,
1947-03-27,674.000,,,
1947-03-28,685.000,,,
1947-03-29,682.000,,,
1947-03-30,680.000,,,
1947-03-31,685.000,,,
1947-04-01,682.000,,,
1947-04-02,685.000,,,
1947-04-03,688.000,,,
1947-04-04,682.000,,,
1947-04-05,682.000,,,
1947-04-06,688.000,,,
1947-04-07,872.000,,,
1947-04-08,883.000,,,
1947-04-09,951.000,,,
1947-04-10,1010.000,,,
1947-04-11,1140.000,,,
1947-04-12,1250.000,,,
1947-04-13,1470.000,,,
1947-04-14,1880.000,,,
1947-04-15,2300.000,,,
1947-04-16,2430.000,,,
1947-04-17,2500.000,,,
1947-04-18,2500.000,,,
1947-04-19,2470.000,,,
1947-04-20,2420.000,,,
1947-04-21,2300.000,,,
1947-04-22,2260.000,,,
1947-04-23,2210.000,,,
1947-04-24,2200.000,,,
1947-04-25,2200.000,,,
1947-04-26,2280.000,,,
1947-04-27,2380.000,,,
1947-04-28,2440.000,,,
1947-04-29,2500.000,,,
1947-04-30,2600.000,,,
1947-05-01,2720.000,,,
1947-05-02,2770.000,,,
1947-05-03,2920.000,,,
1947-05-04,3090.000,,,
1947-05-05,3230.000,,,
1947-05-06,3430.000,,,
1947-05-07,3620.000,,,
1947-05-08,3910.000,,,
1947-05-09,4130.000,,,
1947-05-10,4220.000,,,
1947-05-11,4080.000,,,
1947-05-12,3990.000,,,
1947-05-13,3850.000,,,
1947-05-14,3770.000,,,
1947-05-15,3790.000,,,
1947-05-16,3850.000,,,
1947-05-17,4020.000,,,
1947-05-18,4110.000,,,
1947-05-19,4160.000,,,
1947-05-20,4220.000,,,
1947-05-21,4220.000,,,
1947-05-22,4220.000,,,
1947-05-23,4220.000,,,
1947-05-24,4300.000,,,
1947-05-25,4360.000,,,
1947-05-26,4450.000,,,
1947-05-27,4470.000,,,
1947-05-28,4530.000,,,
1947-05-29,4590.000,,,
1947-05-30,4590.000,,,
1947-05-31,4620.000,,,
1947-06-01,4590.000,,,
1947-06-02,4590.000,,,
1947-06-03,4590.000,,,
1947-06-04,4500.000,,,
1947-06-05,4470.000,,,
1947-06-06,4450.000,,,
1947-06-07,4420.000,,,
1947-06-08,4420.000,,,
1947-06-09,4450.000,,,
1947-06-10,4420.000,,,
1947-06-11,4450.000,,,
1947-06-12,4450.000,,,
1947-06-13,4500.000,,,
1947-06-14,4560.000,,,
1947-06-15,4620.000,,,
1947-06-16,4670.000,,,
1947-06-17,4730.000,,,
1947-06-18,4930.000,,,
1947-06-19,5100.000,,,
1947-06-20,5100.000,,,
1947-06-21,4840.000,,,
1947-06-22,4810.000,,,
1947-06-23,4590.000,,,
1947-06-24,4470.000,,,
1947-06-25,4250.000,,,
1947-06-26,4130.000,,,
1947-06-27,3960.000,,,
1947-06-28,3820.000,,,
1947-06-29,3650.000,,,
1947-06-30,3510.000,,,
1947-07-01,3430.000,,,
1947-07-02,3370.000,,,
1947-07-03,3280.000,,,
1947-07-04,3030.000,,,
1947-07-05,2610.000,,,
1947-07-06,2310.000,,,
1947-07-07,2030.000,,,
1947-07-08,2000.000,,,
1947-07-09,1970.000,,,
1947-07-10,1830.000,,,
1947-07-11,1760.000,,,
1947-07-12,1670.000,,,
1947-07-13,1640.000,,,
1947-07-14,1540.000,,,
1947-07-15,1500.000,,,
1947-07-16,1470.000,,,
1947-07-17,1440.000,,,
1947-07-18,1410.000,,,
1947-07-19,1380.000,,,
1947-07-20,1350.000,,,
1947-07-21,1340.000,,,
1947-07-22,1320.000,,,
1947-07-23,1310.000,,,
1947-07-24,1290.000,,,
1947-07-25,1250.000,,,
1947-07-26,1220.000,,,
1947-07-27,1200.000,,,
1947-07-28,1140.000,,,
1947-07-29,1130.000,,,
1947-07-30,1110.000,,,
1947-07-31,1090.000,,,
1947-08-01,1080.000,,,
1947-08-02,1060.000,,,
1947-08-03,1040.000,,,
1947-08-04,1010.000,,,
1947-08-05,1000.000,,,
1947-08-06,963.000,,,
1947-08-07,951.000,,,
1947-08-08,940.000,,,
1947-08-09,929.000,,,
1947-08-10,917.000,,,
1947-08-11,906.000,,,
1947-08-12,895.000,,,
1947-08-13,883.000,,,
1947-08-14,872.000,,,
1947-08-15,864.000,,,
1947-08-16,850.000,,,
1947-08-17,838.000,,,
1947-08-18,765.000,,,
1947-08-19,750.000,,,
1947-08-20,736.000,,,
1947-08-21,725.000,,,
1947-08-22,682.000,,,
1947-08-23,665.000,,,
1947-08-24,660.000,,,
1947-08-25,643.000,,,
1947-08-26,634.000,,,
1947-08-27,620.000,,,
1947-08-28,609.000,,,
1947-08-29,575.000,,,
1947-08-30,558.000,,,
1947-08-31,552.000,,,
1947-09-01,558.000,,,
1947-09-02,569.000,,,
1947-09-03,566.000,,,
1947-09-04,561.000,,,
1947-09-05,569.000,,,
1947-09-06,566.000,,,
1947-09-07,555.000,,,
1947-09-08,561.000,,,
1947-09-09,552.000,,,
1947-09-10,544.000,,,
1947-09-11,541.000,,,
1947-09-12,535.000,,,
1947-09-13,532.000,,,
1947-09-14,527.000,,,
1947-09-15,518.000,,,
1947-09-16,510.000,,,
1947-09-17,501.000,,,
1947-09-18,493.000,,,
1947-09-19,498.000,,,
1947-09-20,513.000,,,
1947-09-21,535.000,,,
1947-09-22,544.000,,,
1947-09-23,555.000,,,
1947-09-24,566.000,,,
1947-09-25,575.000,,,
1947-09-26,603.000,,,
1947-09-27,626.000,,,
1947-09-28,643.000,,,
1947-09-29,654.000,,,
1947-09-30,660.000,,,
1947-10-01,665.000,,,
1947-10-02,654.000,,,
1947-10-03,631.000,,,
1947-10-04,631.000,,,
1947-10-05,623.000,,,
1947-10-06,617.000,,,
1947-10-07,609.000,,,
1947-10-08,600.000,,,
1947-10-09,595.000,,,
1947-10-10,609.000,,,
1947-10-11,617.000,,,
1947-10-12,626.000,,,
1947-10-13,620.000,,,
1947-10-14,609.000,,,
1947-10-15,592.000,,,
1947-10-16,575.000,,,
1947-10-17,558.000,,,
1947-10-18,541.000,,,
1947-10-19,547.000,,,
1947-10-20,532.000,,,
1947-10-21,524.000,,,
1947-10-22,513.000,,,
1947-10-23,501.000,,,
1947-10-24,493.000,,,
1947-10-25,498.000,,,
1947-10-26,524.000,,,
1947-10-27,518.000,,,
1947-10-28,501.000,,,
1947-10-29,498.000,,,
1947-10-30,484.000,,,
1947-10-31,467.000,,,
1947-11-01,450.000,,,
1947-11-02,425.000,,,
1947-11-03,433.000,,,
1947-11-04,442.000,,,
1947-11-05,447.000,,,
1947-11-06,459.000,,,
1947-11-07,450.000,,,
1947-11-08,445.000,,,
1947-11-09,436.000,,,
1947-11-10,447.000,,,
1947-11-11,456.000,,,
1947-11-12,467.000,,,
1947-11-13,479.000,,,
1947-11-14,493.000,,,
1947-11-15,510.000,,,
1947-11-16,515.000,,,
1947-11-17,507.000,,,
1947-11-18,493.000,,,
1947-11-19,481.000,,,
1947-11-20,473.000,,,
1947-11-21,459.000,,,
1947-11-22,453.000,,,
1947-11-23,447.000,,,
1947-11-24,453.000,,,
1947-11-25,459.000,,,
1947-11-26,470.000,,,
1947-11-27,476.000,,,
1947-11-28,484.000,,,
1947-11-29,487.000,,,
1947-11-30,484.000,,,
1947-12-01,481.000,,,
1947-12-02,473.000,,,
1947-12-03,464.000,,,
1947-12-04,459.000,,,
1947-12-05,450.000,,,
1947-12-06,456.000,,,
1947-12-07,462.000,,,
1947-12-08,464.000,,,
1947-12-09,459.000,,,
1947-12-10,453.000,,,
1947-12-11,447.000,,,
1947-12-12,447.000,,,
1947-12-13,447.000,,,
1947-12-14,447.000,,,
1947-12-15,473.000,,,
1947-12-16,473.000,,,
1947-12-17,473.000,,,
1947-12-18,473.000,,,
1947-12-19,473.000,,,
1947-12-20,473.000,,,
1947-12-21,473.000,,,
1947-12-22,473.000,,,
1947-12-23,473.000,,,
1947-12-24,473.000,,,
1947-12-25,473.000,,,
1947-12-26,473.000,,,
1947-12-27,473.000,,,
1947-12-28,473.000,,,
1947-12-29,473.000,,,
1947-12-30,473.000,,,
1947-12-31,473.000,,,
1948-01-01,467.000,,,
1948-01-02,467.000,,,
1948-01-03,467.000,,,
1948-01-04,467.000,,,
1948-01-05,467.000,,,
1948-01-06,467.000,,,
1948-01-07,467.000,,,
1948-01-08,467.000,,,
1948-01-09,467.000,,,
1948-01-10,467.000,,,
1948-01-11,467.000,,,
1948-01-12,467.000,,,
1948-01-13,467.000,,,
1948-01-14,467.000,,,
1948-01-15,467.000,,,
1948-01-16,467.000,,,
1948-01-17,467.000,,,
1948-01-18,467.000,,,
1948-01-19,467.000,,,
1948-01-20,467.000,,,
1948-01-21,467.000,,,
1948-01-22,467.000,,,
1948-01-23,467.000,,,
1948-01-24,467.000,,,
1948-01-25,467.000,,,
1948-01-26,467.000,,,
1948-01-27,467.000,,,
1948-01-28,467.000,,,
1948-01-29,467.000,,,
1948-01-30,467.000,,,
1948-01-31,467.000,,,
1948-02-01,476.000,,,
1948-02-02,476.000,,,
1948-02-03,476.000,,,
1948-02-04,476.000,,,
1948-02-05,476.000,,,
1948-02-06,476.000,,,
1948-02-07,476.000,,,
1948-02-08,476.000,,,
1948-02-09,476.000,,,
1948-02-10,476.000,,,
1948-02-11,476.000,,,
1948-02-12,476.000,,,
1948-02-13,476.000,,,
1948-02-14,476.000,,,
1948-02-15,476.000,,,
1948-02-16,476.000,,,
1948-02-17,476.000,,,
1948-02-18,476.000,,,
1948-02-19,476.000,,,
1948-02-20,476.000,,,
1948-02-21,476.000,,,
1948-02-22,476.000,,,
1948-02-23,476.000,,,
1948-02-24,476.000,,,
1948-02-25,476.000,,,
1948-02-26,476.000,,,
1948-02-27,476.000,,,
1948-02-28,476.000,,,
1948-02-29,476.000,,,
1948-03-01,575.000,,,
1948-03-02,561.000,,,
1948-03-03,555.000,,,
1948-03-04,544.000,,,
1948-03-05,535.000,,,
1948-03-06,527.000,,,
1948-03-07,521.000,,,
1948-03-08,515.000,,,
1948-03-09,507.000,,,
1948-03-10,498.000,,,
1948-03-11,490.000,,,
1948-03-12,481.000,,,
1948-03-13,476.000,,,
1948-03-14,467.000,,,
1948-03-15,459.000,,,
1948-03-16,453.000,,,
1948-03-17,447.000,,,
1948-03-18,445.000,,,
1948-03-19,453.000,,,
1948-03-20,464.000,,,
1948-03-21,473.000,,,
1948-03-22,484.000,,,
1948-03-23,493.000,,,
1948-03-24,507.000,,,
1948-03-25,515.000,,,
1948-03-26,527.000,,,
1948-03-27,535.000,,,
1948-03-28,566.000,,,
1948-03-29,629.000,,,
1948-03-30,620.000,,,
1948-03-31,782.000,,,
1948-04-01,801.000,,,
1948-04-02,818.000,,,
1948-04-03,838.000,,,
1948-04-04,861.000,,,
1948-04-05,878.000,,,
1948-04-06,895.000,,,
1948-04-07,983.000,,,
1948-04-08,1010.000,,,
1948-04-09,1040.000,,,
1948-04-10,1060.000,,,
1948-04-11,1080.000,,,
1948-04-12,1230.000,,,
1948-04-13,1290.000,,,
1948-04-14,1320.000,,,
1948-04-15,1350.000,,,
1948-04-16,1370.000,,,
1948-04-17,1400.000,,,
1948-04-18,1530.000,,,
1948-04-19,1580.000,,,
1948-04-20,1620.000,,,
1948-04-21,1650.000,,,
1948-04-22,1690.000,,,
1948-04-23,1720.000,,,
1948-04-24,1760.000,,,
1948-04-25,1890.000,,,
1948-04-26,1930.000,,,
1948-04-27,1970.000,,,
1948-04-28,2010.000,,,
1948-04-29,2060.000,,,
1948-04-30,2260.000,,,
1948-05-01,2220.000,,,
1948-05-02,2150.000,,,
1948-05-03,2120.000,,,
1948-05-04,2060.000,,,
1948-05-05,2000.000,,,
1948-05-06,1920.000,,,
1948-05-07,1830.000,,,
1948-05-08,1750.000,,,
1948-05-09,1650.000,,,
1948-05-10,1550.000,,,
1948-05-11,1500.000,,,
1948-05-12,1470.000,,,
1948-05-13,1440.000,,,
1948-05-14,1410.000,,,
1948-05-15,1390.000,,,
1948-05-16,1290.000,,,
1948-05-17,1210.000,,,
1948-05-18,1180.000,,,
1948-05-19,1170.000,,,
1948-05-20,1180.000,,,
1948-05-21,1210.000,,,
1948-05-22,1230.000,,,
1948-05-23,1250.000,,,
1948-05-24,1260.000,,,
1948-05-25,1290.000,,,
1948-05-26,1310.000,,,
1948-05-27,1290.000,,,
1948-05-28,1270.000,,,
1948-05-29,1230.000,,,
1948-05-30,1180.000,,,
1948-05-31,1190.000,,,
1948-06-01,1250.000,,,
1948-06-02,1260.000,,,
1948-06-03,1280.000,,,
1948-06-04,1300.000,,,
1948-06-05,1310.000,,,
1948-06-06,1310.000,,,
1948-06-07,1300.000,,,
1948-06-08,1280.000,,,
1948-06-09,1260.000,,,
1948-06-10,1210.000,,,
1948-06-11,1180.000,,,
1948-06-12,1160.000,,,
1948-06-13,1140.000,,,
1948-06-14,1120.000,,,
1948-06-15,1100.000,,,
1948-06-16,1090.000,,,
1948-06-17,1080.000,,,
1948-06-18,1060.000,,,
1948-06-19,1050.000,,,
1948-06-20,1040.000,,,
1948-06-21,1030.000,,,
1948-06-22,1010.000,,,
1948-06-23,988.000,,,
1948-06-24,960.000,,,
1948-06-25,934.000,,,
1948-06-26,917.000,,,
1948-06-27,895.000,,,
1948-06-28,872.000,,,
1948-06-29,847.000,,,
1948-06-30,827.000,,,
1948-07-01,816.000,,,
1948-07-02,804.000,,,
1948-07-03,801.000,,,
1948-07-04,801.000,,,
1948-07-05,807.000,,,
1948-07-06,776.000,,,
1948-07-07,787.000,,,
1948-07-08,793.000,,,
1948-07-09,784.000,,,
1948-07-10,739.000,,,
1948-07-11,719.000,,,
1948-07-12,708.000,,,
1948-07-13,699.000,,,
1948-07-14,705.000,,,
1948-07-15,702.000,,,
1948-07-16,688.000,,,
1948-07-17,680.000,,,
1948-07-18,680.000,,,
1948-07-19,680.000,,,
1948-07-20,685.000,,,
1948-07-21,677.000,,,
1948-07-22,685.000,,,
1948-07-23,688.000,,,
1948-07-24,702.000,,,
1948-07-25,705.000,,,
1948-07-26,702.000,,,
1948-07-27,688.000,,,
1948-07-28,677.000,,,
1948-07-29,665.000,,,
1948-07-30,657.000,,,
1948-07-31,648.000,,,
1948-08-01,646.000,,,
1948-08-02,640.000,,,
1948-08-03,646.000,,,
1948-08-04,648.000,,,
1948-08-05,640.000,,,
1948-08-06,640.000,,,
1948-08-07,634.000,,,
1948-08-08,640.000,,,
1948-08-09,640.000,,,
1948-08-10,640.000,,,
1948-08-11,626.000,,,
1948-08-12,603.000,,,
1948-08-13,592.000,,,
1948-08-14,575.000,,,
1948-08-15,569.000,,,
1948-08-16,561.000,,,
1948-08-17,549.000,,,
1948-08-18,532.000,,,
1948-08-19,501.000,,,
1948-08-20,490.000,,,
1948-08-21,479.000,,,
1948-08-22,484.000,,,
1948-08-23,496.000,,,
1948-08-24,507.000,,,
1948-08-25,521.000,,,
1948-08-26,538.000,,,
1948-08-27,544.000,,,
1948-08-28,552.000,,,
1948-08-29,549.000,,,
1948-08-30,541.000,,,
1948-08-31,530.000,,,
1948-09-01,521.000,,,
1948-09-02,515.000,,,
1948-09-03,518.000,,,
1948-09-04,507.000,,,
1948-09-05,501.000,,,
1948-09-06,493.000,,,
1948-09-07,501.000,,,
1948-09-08,513.000,,,
1948-09-09,521.000,,,
1948-09-10,530.000,,,
1948-09-11,538.000,,,
1948-09-12,544.000,,,
1948-09-13,547.000,,,
1948-09-14,535.000,,,
1948-09-15,515.000,,,
1948-09-16,498.000,,,
1948-09-17,487.000,,,
1948-09-18,476.000,,,
1948-09-19,470.000,,,
1948-09-20,473.000,,,
1948-09-21,481.000,,,
1948-09-22,490.000,,,
1948-09-23,501.000,,,
1948-09-24,507.000,,,
1948-09-25,515.000,,,
1948-09-26,518.000,,,
1948-09-27,527.000,,,
1948-09-28,524.000,,,
1948-09-29,521.000,,,
1948-09-30,504.000,,,
